year,TSOI_L10,H2OSOI_L8,TWS,FSH,EFLX_LH_TOT
1981,276.528033,0.153077,5845.305653,21.703996,17.531992
1982,283.832055,0.232588,6104.845963,22.701942,25.142689
1983,284.361168,0.245095,6235.290499,23.315742,25.258617
1984,284.646500,0.252184,6333.923760,21.921154,26.148519
1985,284.723299,0.255281,6410.135518,23.671027,25.151464
1986,284.874891,0.258639,6469.720689,20.822998,25.920670
1987,284.941925,0.258603,6518.763803,21.363495,26.239863
1988,285.345624,0.258911,6558.302762,22.127971,26.361205
1989,285.220387,0.262360,6611.907243,21.092702,26.468297
1990,285.421402,0.262645,6651.215475,21.925556,27.458159
1991,285.637506,0.261732,6685.849856,21.961369,26.790732
1992,285.524696,0.258619,6703.599887,23.163398,26.084801
1993,285.426451,0.262779,6744.230853,22.432306,27.120052
1994,285.505648,0.263733,6774.279676,22.441850,26.541098
1995,285.751931,0.263242,6796.786559,22.309090,26.569606
1996,285.807502,0.262858,6817.411723,22.274966,27.074562
1997,285.843664,0.264235,6846.985014,22.116886,27.316978
1998,285.929252,0.266405,6863.688770,22.166185,27.970639
1999,286.015924,0.265743,6894.539010,21.480938,26.990144
2000,285.990389,0.264396,6914.492953,22.578147,27.485334
2001,285.707951,0.266669,6936.287664,20.075511,26.520226
2002,286.100203,0.263442,6948.671606,21.454346,26.706302
2003,286.067431,0.260602,6952.251255,22.462991,26.413499
2004,286.364268,0.262180,6970.368229,22.296594,27.550044
2005,286.223067,0.263702,6989.126520,22.437246,26.600437
2006,286.396759,0.263177,6998.797441,22.101807,26.883148
2007,286.289941,0.266554,7021.767896,21.566309,27.295177
2008,286.186264,0.265155,7036.251900,21.625327,26.660782
2009,286.292491,0.264969,7049.453141,21.927765,26.636243
2010,286.243030,0.266252,7053.086029,21.901722,27.541436
