cycle,spinyear,modelyear,FSH,LH,FPSN,TWS,H2OSOI_L8,TSOI_L10
1,1,1981,21.703996,17.531992,1.206744,5845.305653,0.153077,276.528033
1,2,1982,22.701942,25.142689,1.664776,6104.845963,0.232588,283.832055
1,3,1983,23.315742,25.258617,1.605288,6235.290499,0.245095,284.361168
1,4,1984,21.921154,26.148519,1.683619,6333.923760,0.252184,284.646500
1,5,1985,23.671027,25.151464,1.666366,6410.135518,0.255281,284.723299
1,6,1986,20.822998,25.920670,1.732822,6469.720689,0.258639,284.874891
1,7,1987,21.363495,26.239863,1.709703,6518.763803,0.258603,284.941925
1,8,1988,22.127971,26.361205,1.732427,6558.302762,0.258911,285.345624
1,9,1989,21.092702,26.468297,1.763766,6611.907243,0.262360,285.220387
1,10,1990,21.925556,27.458159,1.800539,6651.215475,0.262645,285.421402
1,11,1991,21.961369,26.790732,1.744086,6685.849856,0.261732,285.637506
1,12,1992,23.163398,26.084801,1.681283,6703.599887,0.258619,285.524696
1,13,1993,22.432306,27.120052,1.742369,6744.230853,0.262779,285.426451
1,14,1994,22.441850,26.541098,1.721431,6774.279676,0.263733,285.505648
1,15,1995,22.309090,26.569606,1.688591,6796.786559,0.263242,285.751931
1,16,1996,22.274966,27.074562,1.773087,6817.411723,0.262858,285.807502
1,17,1997,22.116886,27.316978,1.753250,6846.985014,0.264235,285.843664
1,18,1998,22.166185,27.970639,1.757461,6863.688770,0.266405,285.929252
1,19,1999,21.480938,26.990144,1.748157,6894.539010,0.265743,286.015924
1,20,2000,22.578147,27.485334,1.799808,6914.492953,0.264396,285.990389
1,21,2001,20.075511,26.520226,1.747587,6936.287664,0.266669,285.707951
1,22,2002,21.454346,26.706302,1.747897,6948.671606,0.263442,286.100203
1,23,2003,22.462991,26.413499,1.669434,6952.251255,0.260602,286.067431
1,24,2004,22.296594,27.550044,1.745502,6970.368229,0.262180,286.364268
1,25,2005,22.437246,26.600437,1.710640,6989.126520,0.263702,286.223067
1,26,2006,22.101807,26.883148,1.741093,6998.797441,0.263177,286.396759
1,27,2007,21.566309,27.295177,1.739746,7021.767896,0.266554,286.289941
1,28,2008,21.625327,26.660782,1.766967,7036.251900,0.265155,286.186264
1,29,2009,21.927765,26.636243,1.756119,7049.453141,0.264969,286.292491
1,30,2010,21.901722,27.541436,1.747601,7053.086029,0.266252,286.243030
2,31,2010,21.901722,27.541436,1.747601,7053.086029,0.266252,286.243030
2,32,2012,23.485794,26.767171,1.719187,7078.087684,0.263588,286.156978
2,33,2013,23.944696,26.136024,1.634154,7082.268135,0.261800,285.956777
2,34,2014,22.545715,26.705434,1.695419,7095.274579,0.263548,285.956095
2,35,2015,24.175782,25.626272,1.677280,7106.193285,0.263696,285.861036
2,36,2016,21.288255,26.288909,1.739548,7115.885775,0.264960,285.902106
2,37,2017,21.795891,26.547164,1.714499,7121.899483,0.263809,285.872514
2,38,2018,22.550280,26.628075,1.735619,7123.223798,0.263260,286.219558
2,39,2019,21.500600,26.692037,1.764910,7143.320753,0.265866,286.022960
2,40,2020,22.313672,27.672313,1.801945,7152.593020,0.265800,286.172841
2,41,2021,22.317164,26.997765,1.745470,7160.160434,0.264515,286.357418
2,42,2022,23.503343,26.272090,1.683442,7152.374214,0.261140,286.209577
2,43,2023,22.770372,27.284458,1.742896,7169.219380,0.264944,286.078588
2,44,2024,22.737361,26.720504,1.723649,7178.416922,0.265623,286.127372
2,45,2025,22.608564,26.720710,1.689635,7182.523790,0.265025,286.343507
2,46,2026,22.571744,27.216510,1.773225,7185.545861,0.264643,286.368062
2,47,2027,22.391518,27.451423,1.753465,7198.654993,0.265798,286.383998
2,48,2028,22.444938,28.091909,1.756970,7199.535711,0.267831,286.443911
2,49,2029,21.738565,27.111582,1.748069,7215.849020,0.267045,286.508975
2,50,2030,22.828948,27.607135,1.800197,7222.201906,0.265621,286.462890
2,51,2031,20.319430,26.624377,1.746976,7231.468919,0.267916,286.165062
2,52,2032,21.685929,26.812811,1.747914,7231.501195,0.264730,286.538464
2,53,2033,22.689196,26.513392,1.669658,7224.928726,0.261797,286.492121
2,54,2034,22.518224,27.644839,1.745116,7233.332223,0.263310,286.769505
2,55,2035,22.645387,26.693701,1.710554,7242.589506,0.264752,286.612678
2,56,2036,22.309432,26.974752,1.740947,7243.601442,0.264154,286.766729
2,57,2037,21.762723,27.364613,1.738993,7258.602900,0.267476,286.645172
2,58,2038,21.820405,26.740539,1.766562,7265.779026,0.266051,286.526620
2,59,2039,22.114795,26.712066,1.755602,7272.138760,0.265779,286.620489
2,60,2040,22.076568,27.613100,1.747080,7269.330255,0.267073,286.559013
