cycle,spinyear,modelyear,TSOI_L10,TSOI_bot,colwater,H2OSOI_L8,TWS,FSH,LH
1,1,1981,276.528033,274.000000,912.540545,0.153077,5845.305653,21.703996,17.531992
1,2,1982,283.832055,274.001153,1150.177296,0.232588,6104.845963,22.701942,25.142689
1,3,1983,284.361168,274.032148,1260.188381,0.245095,6235.290499,23.315742,25.258617
1,4,1984,284.646500,274.143512,1333.283203,0.252184,6333.923760,21.921154,26.148519
1,5,1985,284.723299,274.350175,1381.421187,0.255281,6410.135518,23.671027,25.151464
1,6,1986,284.874891,274.639348,1415.264466,0.258639,6469.720689,20.822998,25.920670
1,7,1987,284.941925,274.989283,1435.714345,0.258603,6518.763803,21.363495,26.239863
1,8,1988,285.345624,275.379765,1446.044268,0.258911,6558.302762,22.127971,26.361205
1,9,1989,285.220387,275.795133,1469.879354,0.262360,6611.907243,21.092702,26.468297
1,10,1990,285.421402,276.224452,1483.075893,0.262645,6651.215475,21.925556,27.458159
1,11,1991,285.637506,276.659526,1490.847366,0.261732,6685.849856,21.961369,26.790732
1,12,1992,285.524696,277.094580,1486.909119,0.258619,6703.599887,23.163398,26.084801
1,13,1993,285.426451,277.526001,1501.139251,0.262779,6744.230853,22.432306,27.120052
1,14,1994,285.505648,277.950290,1513.180943,0.263733,6774.279676,22.441850,26.541098
1,15,1995,285.751931,278.363992,1516.599344,0.263242,6796.786559,22.309090,26.569606
1,16,1996,285.807502,278.765577,1517.703198,0.262858,6817.411723,22.274966,27.074562
1,17,1997,285.843664,279.155477,1527.587126,0.264235,6846.985014,22.116886,27.316978
1,18,1998,285.929252,279.533734,1530.477821,0.266405,6863.688770,22.166185,27.970639
1,19,1999,286.015924,279.899839,1543.340454,0.265743,6894.539010,21.480938,26.990144
1,20,2000,285.990389,280.254930,1548.449380,0.264396,6914.492953,22.578147,27.485334
1,21,2001,285.707951,280.599723,1558.417692,0.266669,6936.287664,20.075511,26.520226
1,22,2002,286.100203,280.933486,1554.018334,0.263442,6948.671606,21.454346,26.706302
1,23,2003,286.067431,281.255508,1544.971333,0.260602,6952.251255,22.462991,26.413499
1,24,2004,286.364268,281.566436,1548.916244,0.262180,6970.368229,22.296594,27.550044
1,25,2005,286.223067,281.866891,1554.466571,0.263702,6989.126520,22.437246,26.600437
1,26,2006,286.396759,282.157450,1556.183331,0.263177,6998.797441,22.101807,26.883148
1,27,2007,286.289941,282.438622,1566.966304,0.266554,7021.767896,21.566309,27.295177
1,28,2008,286.186264,282.710814,1571.634078,0.265155,7036.251900,21.625327,26.660782
1,29,2009,286.292491,282.974127,1574.944980,0.264969,7049.453141,21.927765,26.636243
1,30,2010,286.243030,283.228102,1572.135854,0.266252,7053.086029,21.901722,27.541436
2,31,2010,286.243030,283.228102,1572.135854,0.266252,7053.086029,21.901722,27.541436
2,32,2012,286.156978,283.707983,1574.876887,0.263588,7078.087684,23.485794,26.767171
2,33,2013,285.956777,283.934361,1568.477960,0.261800,7082.268135,23.944696,26.136024
2,34,2014,285.956095,284.149810,1571.329427,0.263548,7095.274579,22.545715,26.705434
2,35,2015,285.861036,284.353697,1573.812461,0.263696,7106.193285,24.175782,25.626272
2,36,2016,285.902106,284.546598,1576.125399,0.264960,7115.885775,21.288255,26.288909
2,37,2017,285.872514,284.728759,1574.006024,0.263809,7121.899483,21.795891,26.547164
2,38,2018,286.219558,284.900973,1567.440652,0.263260,7123.223798,22.550280,26.628075
2,39,2019,286.022960,285.064599,1577.903203,0.265866,7143.320753,21.500600,26.692037
2,40,2020,286.172841,285.221542,1581.157537,0.265800,7152.593020,22.313672,27.672313
2,41,2021,286.357418,285.372788,1580.031813,0.264515,7160.160434,22.317164,26.997765
2,42,2022,286.209577,285.519053,1568.127812,0.261140,7152.374214,23.503343,26.272090
2,43,2023,286.078588,285.661342,1575.429082,0.264944,7169.219380,22.770372,27.284458
2,44,2024,286.127372,285.799384,1581.342154,0.265623,7178.416922,22.737361,26.720504
2,45,2025,286.343507,285.931872,1579.684205,0.265025,7182.523790,22.608564,26.720710
2,46,2026,286.368062,286.058675,1576.346984,0.264643,7185.545861,22.571744,27.216510
2,47,2027,286.383998,286.181140,1582.455592,0.265798,7198.654993,22.391518,27.451423
2,48,2028,286.443911,286.299844,1581.757992,0.267831,7199.535711,22.444938,28.091909
2,49,2029,286.508975,286.414567,1590.758789,0.267045,7215.849020,21.738565,27.111582
2,50,2030,286.462890,286.526561,1592.884809,0.265621,7222.201906,22.828948,27.607135
2,51,2031,286.165062,286.636499,1600.019037,0.267916,7231.468919,20.319430,26.624377
2,52,2032,286.538464,286.743520,1592.872207,0.264730,7231.501195,21.685929,26.812811
2,53,2033,286.492121,286.846756,1581.511795,0.261797,7224.928726,22.689196,26.513392
2,54,2034,286.769505,286.946734,1583.478959,0.263310,7233.332223,22.518224,27.644839
2,55,2035,286.612678,287.043956,1587.417142,0.264752,7242.589506,22.645387,26.693701
2,56,2036,286.766729,287.138807,1587.482565,0.264154,7243.601442,22.309432,26.974752
2,57,2037,286.645172,287.231566,1596.741932,0.267476,7258.602900,21.762723,27.364613
2,58,2038,286.526620,287.322383,1600.018297,0.266051,7265.779026,21.820405,26.740539
2,59,2039,286.620489,287.411075,1602.071405,0.265779,7272.138760,22.114795,26.712066
2,60,2040,286.559013,287.496924,1597.997592,0.267073,7269.330255,22.076568,27.613100
