cycle,year,spinyear,LAI,vegC,soilC,FASTCP,STBLCP,colwater,soilT_deep,SNEQV
1,1981,1,1.63204,0.920667,1.71404,0.857018,0.857018,565.6,nan,22.8226
1,1982,2,1.86349,0.994058,2.60695,1.74427,0.86268,554.078,288.284,23.4374
1,1983,3,1.82137,1.21795,3.40179,2.5294,0.872389,553.442,288.186,22.8944
1,1984,4,1.8116,1.4361,4.14722,3.26132,0.885901,553.335,288.367,25.3353
1,1985,5,1.83205,1.65497,4.88096,3.97864,0.902321,553.481,288.193,24.0726
1,1986,6,1.82828,1.8546,5.58766,4.6657,0.921956,554.509,288.26,24.0986
1,1987,7,1.82904,2.04051,6.27657,5.33169,0.94488,549.321,288.109,22.8841
1,1988,8,1.81157,2.20393,6.93079,5.95933,0.971456,548.21,288.418,23.0387
1,1989,9,1.87292,2.3679,7.57951,6.579,1.00051,551.606,288.335,24.0008
1,1990,10,1.82571,2.52621,8.22662,7.19508,1.03154,552.315,288.312,23.4526
1,1991,11,1.78603,2.67102,8.84917,7.78319,1.06598,548.121,288.571,25.5295
1,1992,12,1.81394,2.80462,9.44814,8.34533,1.10281,546.753,288.321,23.5501
1,1993,13,1.81629,2.927,10.0261,8.8845,1.14157,549.045,288.154,25.8602
1,1994,14,1.82488,3.04728,10.5972,9.41487,1.18231,551.181,288.27,23.8605
1,1995,15,1.80834,3.15315,11.144,9.91822,1.22582,548.653,288.413,22.4527
1,1996,16,1.82405,3.25608,11.6775,10.4059,1.27159,547.882,288.347,22.8949
1,1997,17,1.82965,3.35542,12.1985,10.8801,1.3184,550.179,288.293,25.7053
1,1998,18,1.83353,3.45449,12.7159,11.3483,1.36757,554.219,288.421,21.4667
1,1999,19,1.84837,3.54294,13.2005,11.7805,1.42002,552.992,288.551,22.5431
1,2000,20,1.87976,3.63203,13.6938,12.2212,1.47254,549.485,288.309,22.0706
1,2001,21,1.85001,3.72062,14.1848,12.6581,1.52662,555.12,288.285,22.7567
1,2002,22,1.83284,3.79727,14.6472,13.0639,1.58329,547.748,288.452,21.9635
1,2003,23,1.77175,3.8561,15.0699,13.4275,1.64248,546.519,288.508,21.8522
1,2004,24,1.81963,3.92027,15.4831,13.7804,1.70267,544.677,288.511,23.2623
1,2005,25,1.82269,3.98642,15.9045,14.1408,1.76368,549.547,288.619,23.8142
1,2006,26,1.79705,4.03799,16.296,14.469,1.82699,546.405,288.489,21.8464
1,2007,27,1.84369,4.09717,16.6915,14.8008,1.89072,550.884,288.506,22.9628
1,2008,28,1.81404,4.14864,17.0783,15.1226,1.95567,545.558,288.441,23.819
1,2009,29,1.83047,4.19759,17.4614,15.4406,2.02078,548.677,288.512,24.7736
1,2010,30,1.80669,4.24211,17.8193,15.7311,2.08818,549.113,288.577,23.2069
1,2011,31,1.84506,4.28994,18.1743,16.0176,2.15678,551.928,288.526,25.2076
2,1982,32,1.83569,4.34636,18.5688,16.3456,2.2232,548.648,288.267,23.4411
2,1983,33,1.8079,4.38509,18.9325,16.6411,2.29141,549.951,288.18,22.8952
2,1984,34,1.80361,4.41816,19.2646,16.9025,2.36208,550.759,288.364,25.336
2,1985,35,1.82812,4.46228,19.621,17.1896,2.43139,551.408,288.155,24.0732
2,1986,36,1.82542,4.49938,19.96,17.458,2.50193,552.761,288.258,24.0987
2,1987,37,1.82734,4.53418,20.288,17.7139,2.57408,547.813,288.107,22.8845
2,1988,38,1.8101,4.5566,20.5816,17.9326,2.64895,546.882,288.417,23.0389
2,1989,39,1.87181,4.58917,20.8831,18.159,2.72411,550.441,288.292,24.0009
2,1990,40,1.82491,4.62503,21.2048,18.4065,2.79832,551.271,288.311,23.4528
2,1991,41,1.78542,4.65464,21.5065,18.6317,2.87481,547.164,288.57,25.5295
2,1992,42,1.8134,4.68046,21.7953,18.8433,2.95199,545.865,288.319,23.5502
2,1993,43,1.81591,4.70174,22.0793,19.0504,3.0289,548.222,288.121,25.8604
2,1994,44,1.82454,4.72725,22.37,19.2642,3.10588,550.413,288.269,23.861
2,1995,45,1.80799,4.74389,22.6378,19.4528,3.18502,547.938,288.412,22.4529
2,1996,46,1.82379,4.76276,22.9006,19.6355,3.2651,547.209,288.346,22.895
2,1997,47,1.82944,4.78283,23.1685,19.8244,3.34409,549.542,288.265,25.7053
2,1998,48,1.83333,4.80707,23.4377,20.0131,3.42455,553.612,288.421,21.4668
2,1999,49,1.84819,4.82464,23.6741,20.1662,3.5079,552.413,288.551,22.5431
2,2000,50,1.8796,4.84714,23.9365,20.3473,3.58925,548.936,288.309,22.0709
2,2001,51,1.84983,4.8725,24.2052,20.5342,3.67101,554.592,288.248,22.7569
2,2002,52,1.83274,4.88947,24.4494,20.6947,3.75465,547.237,288.452,21.9636
2,2003,53,1.77166,4.89192,24.6589,20.8189,3.84,546.027,288.507,21.8523
2,2004,54,1.81955,4.90297,24.8667,20.9414,3.92529,544.204,288.511,23.2625
2,2005,55,1.8226,4.91877,25.0928,21.0827,4.01016,549.089,288.573,23.8141
2,2006,56,1.79697,4.92278,25.2918,21.195,4.0968,545.963,288.488,21.8463
2,2007,57,1.84361,4.93704,25.5027,21.3198,4.18286,550.455,288.506,22.9627
2,2008,58,1.81397,4.94593,25.712,21.4427,4.26922,545.142,288.441,23.819
2,2009,59,1.83039,4.95453,25.9271,21.5726,4.3546,548.274,288.476,24.7736
2,2010,60,1.80663,4.96081,26.1206,21.6789,4.44172,548.722,288.577,23.207
2,2011,61,1.84499,4.97239,26.3155,21.7861,4.52944,551.55,288.526,25.2074
3,1982,62,1.83562,4.99461,26.5633,21.9498,4.61349,548.281,288.267,23.4411
3,1983,63,1.80785,5.00087,26.7847,22.086,4.69872,549.595,288.18,22.8952
3,1984,64,1.80356,5.00313,26.9759,22.1897,4.78614,550.413,288.364,25.336
3,1985,65,1.82807,5.01807,27.2013,22.3302,4.87108,551.069,288.155,24.0733
3,1986,66,1.82538,5.02751,27.4128,22.4561,4.95675,552.43,288.258,24.0987
3,1987,67,1.8273,5.03605,27.6161,22.5725,5.04364,547.494,288.107,22.8846
3,1988,68,1.81006,5.03348,27.7866,22.6536,5.13296,546.572,288.417,23.039
3,1989,69,1.87177,5.04236,27.9677,22.7455,5.2222,550.142,288.292,24.001
3,1990,70,1.82487,5.05581,28.1753,22.8656,5.30975,550.981,288.311,23.4527
3,1991,71,1.78539,5.06406,28.3657,22.9664,5.39921,546.88,288.57,25.5295
3,1992,72,1.81337,5.06963,28.5463,23.0573,5.48895,545.588,288.319,23.5502
3,1993,73,1.81589,5.0717,28.7281,23.1504,5.57773,547.951,288.121,25.8604
3,1994,74,1.82452,5.07903,28.9212,23.2551,5.66604,550.148,288.269,23.861
3,1995,75,1.80796,5.07838,29.0906,23.3341,5.75648,547.681,288.413,22.4529
3,1996,76,1.82377,5.08082,29.258,23.4104,5.84753,546.958,288.346,22.895
3,1997,77,1.82942,5.08527,29.4362,23.4993,5.93682,549.297,288.265,25.7053
3,1998,78,1.83331,5.09468,29.6172,23.5898,6.02737,553.372,288.421,21.4668
3,1999,79,1.84818,5.0981,29.7653,23.6445,6.12076,552.177,288.551,22.5432
3,2000,80,1.87959,5.10722,29.9444,23.7328,6.21161,548.706,288.309,22.0708
3,2001,81,1.84981,5.11982,30.1325,23.8299,6.30253,554.365,288.248,22.7568
3,2002,82,1.83273,5.12467,30.2975,23.9023,6.39514,547.012,288.452,21.9637
3,2003,83,1.77166,5.1156,30.43,23.9408,6.48919,545.806,288.507,21.8523
3,2004,84,1.81954,5.11573,30.5629,23.98,6.5829,543.987,288.511,23.2623
3,2005,85,1.8226,5.12114,30.7178,24.042,6.6758,548.876,288.573,23.8141
3,2006,86,1.79696,5.11529,30.8461,24.0758,6.77034,545.753,288.488,21.8464
3,2007,87,1.8436,5.12018,30.9885,24.1244,6.86406,550.248,288.506,22.9627
3,2008,88,1.81396,5.12018,31.1316,24.1738,6.95781,544.937,288.441,23.819
3,2009,89,1.83037,5.12031,31.2839,24.2336,7.05021,548.072,288.476,24.7736
3,2010,90,1.80662,5.11854,31.416,24.2718,7.14416,548.524,288.577,23.2069
3,2011,91,1.84498,5.12246,31.5505,24.312,7.23857,551.355,288.526,25.2077
4,1982,92,1.83561,5.13743,31.7424,24.4135,7.32884,548.09,288.267,23.4412
4,1983,93,1.80784,5.1368,31.9096,24.4896,7.42008,549.407,288.18,22.8953
4,1984,94,1.80355,5.13249,32.0473,24.5339,7.51341,550.228,288.364,25.336
4,1985,95,1.82807,5.14119,32.2222,24.6183,7.60393,550.886,288.155,24.0732
4,1986,96,1.82537,5.1447,32.3849,24.6898,7.69501,552.25,288.258,24.0988
4,1987,97,1.8273,5.1476,32.54,24.7528,7.78721,547.317,288.108,22.8846
4,1988,98,1.81006,5.13964,32.6631,24.7814,7.88173,546.399,288.417,23.0391
4,1989,99,1.87176,5.14339,32.7972,24.8211,7.97611,549.973,288.292,24.001
4,1990,100,1.82487,5.152,32.9598,24.8912,8.06857,550.814,288.312,23.4527
4,1991,101,1.78538,5.1556,33.1064,24.9436,8.16281,546.716,288.57,25.5295
4,1992,102,1.81336,5.15677,33.2441,24.9869,8.25722,545.425,288.32,23.5502
4,1993,103,1.81588,5.15465,33.3857,25.0353,8.3504,547.791,288.121,25.8604
4,1994,104,1.82451,5.15802,33.5401,25.0972,8.44292,549.991,288.269,23.8609
4,1995,105,1.80795,5.15358,33.6702,25.1326,8.53763,547.526,288.413,22.4528
4,1996,106,1.82376,5.15241,33.7992,25.1664,8.63282,546.805,288.346,22.895
4,1997,107,1.82941,5.15344,33.9413,25.2153,8.72602,549.146,288.265,25.7053
4,1998,108,1.8333,5.15959,34.0866,25.2662,8.82042,553.223,288.421,21.4667
4,1999,109,1.84817,5.15989,34.199,25.2813,8.91765,552.03,288.551,22.5431
4,2000,110,1.87958,5.16606,34.3438,25.3317,9.01217,548.562,288.309,22.0709
4,2001,111,1.84979,5.17584,34.4987,25.392,9.10665,554.222,288.248,22.7568
4,2002,112,1.83273,5.178,34.631,25.4282,9.20275,546.87,288.452,21.9637
4,2003,113,1.77166,5.16637,34.7317,25.4315,9.30019,545.666,288.507,21.8523
4,2004,114,1.81954,5.16407,34.8336,25.4364,9.39721,543.848,288.512,23.2624
4,2005,115,1.82259,5.16716,34.9588,25.4655,9.49327,548.739,288.574,23.8141
4,2006,116,1.79696,5.15911,35.0575,25.4666,9.59096,545.617,288.489,21.8463
4,2007,117,1.8436,5.16191,35.171,25.4833,9.68775,550.114,288.506,22.9627
4,2008,118,1.81396,5.15992,35.2861,25.5017,9.78446,544.804,288.441,23.8191
4,2009,119,1.83037,5.15816,35.4116,25.5319,9.8797,547.941,288.476,24.7736
4,2010,120,1.80662,5.15458,35.5177,25.5413,9.9764,548.394,288.577,23.2069
4,2011,121,1.84498,5.15678,35.6264,25.5529,10.0735,551.226,288.526,25.2073
5,1982,122,1.8356,5.17013,35.7942,25.6278,10.1664,547.962,288.267,23.4412
5,1983,123,1.80784,5.16794,35.9382,25.6781,10.2601,549.281,288.18,22.8952
5,1984,124,1.80355,5.16215,36.0528,25.697,10.3558,550.103,288.364,25.3359
5,1985,125,1.82806,5.16944,36.2058,25.7572,10.4486,550.763,288.155,24.0733
5,1986,126,1.82537,5.17162,36.3472,25.8052,10.542,552.128,288.258,24.0988
5,1987,127,1.82729,5.17325,36.4814,25.845,10.6364,547.197,288.108,22.8847
5,1988,128,1.81006,5.16407,36.5838,25.8508,10.7331,546.28,288.417,23.0391
5,1989,129,1.87176,5.16666,36.6972,25.8676,10.8296,549.856,288.292,24.001
5,1990,130,1.82486,5.17417,36.8398,25.9156,10.9242,550.699,288.312,23.4528
5,1991,131,1.78538,5.17672,36.9669,25.9465,11.0205,546.601,288.57,25.5295
5,1992,132,1.81336,5.17689,37.0856,25.9687,11.1169,545.312,288.32,23.5502
5,1993,133,1.81588,5.17382,37.2091,25.9972,11.212,547.679,288.121,25.8604
5,1994,134,1.82451,5.17628,37.3463,26.04,11.3063,549.879,288.269,23.861
5,1995,135,1.80795,5.17098,37.4587,26.0558,11.4029,547.417,288.413,22.453
5,1996,136,1.82376,5.169,37.5704,26.0705,11.4999,546.696,288.347,22.895
5,1997,137,1.82941,5.16924,37.6961,26.1013,11.5948,549.038,288.265,25.7053
5,1998,138,1.8333,5.17465,37.8252,26.1343,11.6909,553.117,288.421,21.4667
5,1999,139,1.84817,5.17424,37.9212,26.1314,11.7898,551.924,288.551,22.5432
5,2000,140,1.87958,5.17974,38.0504,26.1644,11.886,548.457,288.309,22.0708
5,2001,141,1.84979,5.18887,38.1898,26.2078,11.982,554.118,288.248,22.7568
5,2002,142,1.83273,5.19041,38.307,26.2273,12.0797,546.767,288.452,21.9636
5,2003,143,1.77166,5.1782,38.393,26.2144,12.1787,545.563,288.508,21.8523
5,2004,144,1.81954,5.17534,38.4805,26.2033,12.2772,543.747,288.512,23.2623
5,2005,145,1.82259,5.1779,38.5918,26.2171,12.3747,548.638,288.574,23.8141
5,2006,146,1.79696,5.16934,38.6767,26.203,12.4738,545.517,288.489,21.8464
5,2007,147,1.8436,5.17166,38.7766,26.2047,12.5719,550.015,288.507,22.9627
5,2008,148,1.81396,5.16921,38.8784,26.2085,12.67,544.706,288.441,23.819
5,2009,149,1.83037,5.16701,38.9911,26.2246,12.7665,547.843,288.477,24.7736
5,2010,150,1.80662,5.16302,39.0848,26.2204,12.8644,548.297,288.577,23.207
5,2011,151,1.84498,5.16482,39.1813,26.2185,12.9628,551.13,288.527,25.2075
6,1982,152,1.8356,5.17779,39.3374,26.2807,13.0567,547.867,288.267,23.4411
6,1983,153,1.80784,5.17525,39.4701,26.3186,13.1515,549.187,288.18,22.8952
6,1984,154,1.80355,5.16911,39.5736,26.3254,13.2483,550.009,288.364,25.336
6,1985,155,1.82806,5.17608,39.716,26.3739,13.3421,550.669,288.155,24.0733
6,1986,156,1.82537,5.17795,39.847,26.4106,13.4364,552.036,288.258,24.0987
6,1987,157,1.82729,5.17928,39.9709,26.4391,13.5317,547.105,288.108,22.8847
6,1988,158,1.81006,5.16982,40.0633,26.4339,13.6294,546.19,288.417,23.039
6,1989,159,1.87176,5.17214,40.1665,26.4396,13.7269,549.766,288.292,24.001
6,1990,160,1.82486,5.17939,40.2992,26.4768,13.8224,550.611,288.312,23.4527
6,1991,161,1.78538,5.1817,40.4167,26.4971,13.9196,546.513,288.57,25.5295
6,1992,162,1.81336,5.18164,40.5258,26.509,14.0169,545.225,288.32,23.5502
6,1993,163,1.81588,5.17835,40.6404,26.5277,14.1128,547.593,288.121,25.8604
6,1994,164,1.82451,5.1806,40.7689,26.561,14.2079,549.794,288.269,23.861
6,1995,165,1.80795,5.1751,40.8725,26.5672,14.3052,547.332,288.413,22.4529
6,1996,166,1.82376,5.17292,40.9755,26.5724,14.403,546.612,288.347,22.895
6,1997,167,1.82941,5.17299,41.0928,26.5942,14.4987,548.955,288.265,25.7053
6,1998,168,1.8333,5.17822,41.2138,26.6182,14.5955,553.034,288.421,21.4668
6,1999,169,1.84817,5.17764,41.3016,26.6063,14.6952,551.842,288.551,22.5431
6,2000,170,1.87958,5.18298,41.4227,26.6306,14.7921,548.376,288.309,22.0709
6,2001,171,1.84979,5.19196,41.5543,26.6655,14.8889,554.037,288.248,22.7569
6,2002,172,1.83273,5.19336,41.6639,26.6766,14.9872,546.686,288.452,21.9637
6,2003,173,1.77166,5.18101,41.7423,26.6554,15.0869,545.483,288.508,21.8524
6,2004,174,1.81954,5.17802,41.8223,26.6362,15.186,543.667,288.512,23.2625
6,2005,175,1.82259,5.18046,41.9265,26.6423,15.2842,548.559,288.574,23.8141
6,2006,176,1.79696,5.17178,42.0043,26.6204,15.3839,545.439,288.489,21.8463
6,2007,177,1.8436,5.17399,42.0971,26.6144,15.4827,549.937,288.507,22.9627
6,2008,178,1.81396,5.17143,42.1921,26.6107,15.5814,544.628,288.441,23.819
6,2009,179,1.83037,5.16913,42.2981,26.6197,15.6785,547.766,288.477,24.7735
6,2010,180,1.80662,5.16504,42.3855,26.6085,15.777,548.22,288.577,23.2071
6,2011,181,1.84498,5.16675,42.4755,26.5995,15.876,551.054,288.527,25.2073
