year,deepT_noice,colw_noice,swe_noice,swe_ice
1981,288.888880,584.033843,22.538195,3457.071900
1982,288.341418,578.605820,23.374130,3505.082885
1983,288.141509,576.676397,24.382901,3547.043055
1984,288.403028,577.801166,25.355029,3587.536603
1985,288.188710,578.356543,25.317281,3621.027861
1986,288.256297,581.482016,24.530776,3648.148883
1987,288.058006,577.858315,23.525189,3680.535747
1988,288.465830,575.581582,23.671475,3703.991397
1989,288.254919,581.768599,25.631334,3731.960728
1990,288.328657,581.041420,25.206395,3756.543500
1991,288.668157,576.891474,27.633588,3774.331002
1992,288.423200,574.347251,24.354709,3794.998900
1993,288.139455,576.690267,26.691150,3822.208665
1994,288.346221,579.343649,23.842089,3844.134101
1995,288.441776,577.976706,23.350130,3862.941697
1996,288.432833,577.570546,23.666762,3881.452076
1997,288.369338,579.915954,25.728258,3901.595134
1998,288.508842,579.394028,22.001206,3921.296732
1999,288.635909,580.305815,24.333870,3931.635671
2000,288.385790,579.850693,23.019995,3955.770166
2001,288.225522,582.136658,22.126342,3966.673098
2002,288.539363,576.999454,22.735839,3985.175479
2003,288.554835,573.317784,22.141131,3993.981281
2004,288.610751,574.860064,24.136277,4004.780268
2005,288.595424,580.713811,24.603019,4018.134900
2006,288.615769,579.737975,21.220407,4034.253016
2007,288.465651,582.691446,23.421056,4046.807247
2008,288.479501,580.482534,23.027301,4061.367341
2009,288.477322,580.739533,23.625782,4075.726723
2010,288.592120,581.045543,21.330338,4085.976588
