year,SM_L3,ST_L4,TWS,SWE
1982,0.285481,288.3414,5501.980,23.3741
1983,0.284424,288.1415,5501.059,24.3829
1984,0.285509,288.4030,5503.156,25.3550
1984,0.285487,288.2223,5503.542,25.0520
1985,0.286977,288.2902,5505.667,24.1760
1986,0.285285,288.0925,5501.138,23.2545
1987,0.284172,288.5026,5498.735,23.3820
1988,0.287109,288.3363,5506.061,25.0669
1989,0.286698,288.4037,5505.532,24.6503
1990,0.284313,288.7481,5502.957,26.9447
1991,0.284037,288.5119,5498.262,23.6908
1992,0.284785,288.2344,5502.350,25.5215
1993,0.286280,288.4604,5502.974,23.0942
1994,0.285467,288.5422,5500.546,22.4905
1995,0.285067,288.5498,5499.379,22.7124
1996,0.286508,288.4835,5504.963,24.4448
1997,0.285895,288.6737,5499.742,20.8626
1998,0.286475,288.7968,5503.195,23.1115
1999,0.286224,288.5563,5501.896,22.1057
2000,0.287078,288.4079,5502.762,20.7641
2001,0.284536,288.7284,5497.401,21.2047
2002,0.282943,288.7754,5493.843,20.8215
2003,0.283111,288.8347,5495.774,22.3128
2004,0.285911,288.8500,5501.564,22.4731
2005,0.285333,288.8389,5497.317,19.6028
2006,0.287240,288.7464,5503.499,21.5402
2007,0.286237,288.7373,5500.642,21.1331
2008,0.286779,288.7495,5502.319,21.1313
2009,0.285679,288.8627,5497.875,19.0433
2010,0.288084,288.8889,5506.010,22.5382
