cycle,spinyear,year,deepT_noice,colw_noice,swe_noice,swe_ice,capped_ice
1,1,1981,289.759646,599.650849,0.000000,10.000000,0
1,2,1982,288.266176,587.321795,23.458406,298.227736,0
1,3,1983,288.131074,583.558161,24.392727,582.519526,0
1,4,1984,288.407945,583.251682,25.354344,871.915738,0
1,5,1985,288.191971,582.916238,25.316855,1145.608395,65
1,6,1986,288.259589,585.393900,24.528573,1361.230719,99
1,7,1987,288.063682,581.218701,23.523935,1559.548538,197
1,8,1988,288.468729,578.525824,23.671064,1731.418708,238
1,9,1989,288.258000,584.322653,25.630819,1893.808789,331
1,10,1990,288.330899,583.334955,25.206169,2040.700663,389
1,11,1991,288.669570,578.948579,27.633214,2168.691453,362
1,12,1992,288.425033,576.201157,24.354956,2293.613770,312
1,13,1993,288.142109,578.356361,26.690829,2417.448027,618
1,14,1994,288.347206,580.852103,23.841836,2518.783110,698
1,15,1995,288.442692,579.336774,23.349862,2608.233148,620
1,16,1996,288.434105,578.817021,23.666270,2693.045155,803
1,17,1997,288.370518,581.065932,25.728008,2772.406378,690
1,18,1998,288.510007,580.470604,22.000722,2849.212800,862
1,19,1999,288.636716,581.327417,24.333856,2909.397931,842
1,20,2000,288.386848,580.803617,23.019959,2980.067260,960
1,21,2001,288.226638,583.030404,22.126105,3033.150603,953
1,22,2002,288.540453,577.862843,22.735593,3094.609482,883
1,23,2003,288.555512,574.136923,22.140818,3143.083626,948
1,24,2004,288.611388,575.634116,24.136183,3188.651416,1087
1,25,2005,288.596208,581.456850,24.603048,3234.359953,658
1,26,2006,288.616594,580.449376,21.220186,3278.166035,917
1,27,2007,288.466492,583.364764,23.420893,3316.864058,1338
1,28,2008,288.480068,581.131535,23.027264,3356.026222,999
1,29,2009,288.477463,581.356271,23.625739,3392.994568,636
1,30,2010,288.592401,581.636065,21.330014,3426.337112,1257
2,31,1982,288.341418,578.605820,23.374130,3505.082885,1223
2,32,1983,288.141509,576.676397,24.382901,3547.043055,1700
2,33,1984,288.403028,577.801166,25.355029,3587.536603,1549
2,34,1985,288.188710,578.356543,25.317281,3621.027861,1614
2,35,1986,288.256297,581.482016,24.530776,3648.148883,1306
2,36,1987,288.058006,577.858315,23.525189,3680.535747,1145
2,37,1988,288.465830,575.581582,23.671475,3703.991397,1227
2,38,1989,288.254919,581.768599,25.631334,3731.960728,1606
2,39,1990,288.328657,581.041420,25.206395,3756.543500,1543
2,40,1991,288.668157,576.891474,27.633588,3774.331002,1048
2,41,1992,288.423200,574.347251,24.354709,3794.998900,1215
2,42,1993,288.139455,576.690267,26.691150,3822.208665,1804
2,43,1994,288.346221,579.343649,23.842089,3844.134101,1504
2,44,1995,288.441776,577.976706,23.350130,3862.941697,1356
2,45,1996,288.432833,577.570546,23.666762,3881.452076,1284
2,46,1997,288.369338,579.915954,25.728258,3901.595134,1048
2,47,1998,288.508842,579.394028,22.001206,3921.296732,1914
2,48,1999,288.635909,580.305815,24.333870,3931.635671,1282
2,49,2000,288.385790,579.850693,23.019995,3955.770166,1773
2,50,2001,288.225522,582.136658,22.126342,3966.673098,1399
2,51,2002,288.539363,576.999454,22.735839,3985.175479,1338
2,52,2003,288.554835,573.317784,22.141131,3993.981281,1345
2,53,2004,288.610751,574.860064,24.136277,4004.780268,1628
2,54,2005,288.595424,580.713811,24.603019,4018.134900,885
2,55,2006,288.615769,579.737975,21.220407,4034.253016,1340
2,56,2007,288.465651,582.691446,23.421056,4046.807247,1960
2,57,2008,288.479501,580.482534,23.027301,4061.367341,1526
2,58,2009,288.477322,580.739533,23.625782,4075.726723,1042
2,59,2010,288.592120,581.045543,21.330338,4085.976588,2044
