cycle,spinyear,decyear,deepT_all,colw_all,deepT_noice,colw_noice,swe_noice,swe_ice,capped_ice,n_ice
1,1,1981.0000,285.731012,751.367852,289.759646,599.650849,0.000000,10.000000,0,7477
1,2,1982.0000,283.995763,740.374555,288.266176,587.321795,23.458406,298.227736,0,7477
1,3,1983.0000,283.877671,737.018683,288.131074,583.558161,24.392727,582.519526,0,7477
1,4,1984.0000,284.185642,736.745408,288.407945,583.251682,25.354344,871.915738,0,7477
1,5,1985.0000,284.056048,736.566946,288.225229,583.051536,25.051522,1144.718682,66,7477
1,6,1985.9973,284.140273,738.665569,288.293449,585.405155,24.173839,1360.907824,112,7477
1,7,1986.9973,283.971996,734.956399,288.098144,581.245297,23.253217,1559.380601,223,7477
1,8,1987.9973,284.353259,732.328309,288.505340,578.297877,23.381598,1731.348724,263,7477
1,9,1988.9973,284.241056,737.010599,288.339270,583.549096,25.066392,1893.036360,286,7477
1,10,1989.9945,284.288480,736.678712,288.405894,583.176882,24.650083,2040.172829,376,7477
1,11,1990.9945,284.635076,732.125165,288.749280,578.070050,26.944341,2168.312053,324,7477
1,12,1991.9945,284.441878,730.659197,288.513417,576.425957,23.690965,2292.757373,188,7477
1,13,1992.9945,284.179553,732.504226,288.236847,578.495168,25.521170,2416.661374,673,7477
1,14,1993.9918,284.395790,735.084974,288.461325,581.389494,23.093989,2518.492309,810,7477
1,15,1994.9918,284.467096,733.325339,288.542958,579.416052,22.490278,2607.649386,752,7477
1,16,1995.9918,284.482331,731.985829,288.550822,577.913783,22.712158,2692.439145,777,7477
1,17,1996.9918,284.431110,735.333817,288.484524,581.668574,24.444562,2772.442629,640,7477
1,18,1997.9890,284.609470,733.807015,288.674704,579.956255,20.862110,2848.002867,728,7477
1,19,1998.9890,284.713933,734.831798,288.797536,581.105556,23.111493,2909.142004,763,7477
1,20,1999.9890,284.504610,734.508702,288.557273,580.743202,22.105641,2979.380961,1116,7477
1,21,2000.9890,284.370857,736.425129,288.408784,582.892487,20.763866,3031.947539,874,7477
1,22,2001.9863,284.659877,731.224315,288.729258,577.059740,21.204481,3094.321157,1010,7477
1,23,2002.9863,284.722025,728.354681,288.775845,573.841426,20.821234,3142.872073,953,7477
1,24,2003.9863,284.776673,728.705905,288.835147,574.235326,22.312669,3188.475831,910,7477
1,25,2004.9863,284.794322,733.698075,288.850485,579.834078,22.473095,3234.763303,814,7477
1,26,2005.9836,284.811196,732.442426,288.839537,578.425860,19.602546,3277.532594,632,7477
1,27,2006.9836,284.725803,736.193191,288.747070,582.632367,21.540032,3315.203768,1042,7477
1,28,2007.9836,284.729651,733.987297,288.737726,580.158443,21.133065,3355.714054,1051,7477
1,29,2008.9836,284.735290,735.455099,288.749472,581.804592,21.131239,3393.619098,1009,7477
1,30,2009.9808,284.851717,733.330743,288.862884,579.422113,19.042894,3426.107517,974,7477
1,31,2010.9808,284.871690,737.442828,288.888880,584.033843,22.538195,3457.071900,858,7477
2,32,1982.0000,284.392776,732.602889,288.341418,578.605820,23.374130,3505.082885,1223,7477
2,33,1983.0000,284.208021,730.882505,288.141509,576.676397,24.382901,3547.043055,1700,7477
2,34,1984.0000,284.440708,731.885413,288.403028,577.801166,25.355029,3587.536603,1549,7477
2,35,1985.0000,284.292185,732.499290,288.222289,578.489633,25.051961,3620.649730,1456,7477
2,36,1985.9973,284.353798,735.175325,288.290178,581.490824,24.175990,3648.050432,1310,7477
2,37,1986.9973,284.166271,731.959179,288.092520,577.883895,23.254471,3680.480717,1175,7477
2,38,1987.9973,284.530367,729.702406,288.502561,575.352909,23.382018,3704.089737,1290,7477
2,39,1988.9973,284.395052,734.732078,288.336285,580.993719,25.066915,3731.639673,1424,7477
2,40,1989.9945,284.446825,734.632182,288.403750,580.881685,24.650266,3756.511690,1430,7477
2,41,1990.9945,284.765325,730.290058,288.748092,576.011965,26.944678,3774.467221,954,7477
2,42,1991.9945,284.564858,729.005277,288.511924,574.571074,23.690762,3794.636384,858,7477
2,43,1992.9945,284.303730,731.017924,288.234359,576.828272,25.521479,3822.048377,1742,7477
2,44,1993.9918,284.515722,733.738439,288.460443,579.879347,23.094241,3844.204413,1991,7477
2,45,1994.9918,284.579805,732.111802,288.542153,578.055063,22.490535,3862.744023,1554,7477
2,46,1995.9918,284.587936,730.874048,288.549763,576.666913,22.712443,3881.232816,1231,7477
2,47,1996.9918,284.523620,734.307690,288.483498,580.517766,24.444820,3901.842523,1007,7477
2,48,1997.9890,284.702236,732.846702,288.673655,578.879258,20.862569,3920.623660,1657,7477
2,49,1998.9890,284.806431,733.920314,288.796849,580.083321,23.111472,3931.531403,1325,7477
2,50,1999.9890,284.589883,733.658660,288.556346,579.789874,22.105655,3955.417512,1946,7477
2,51,2000.9890,284.453434,735.627763,288.407867,581.998235,20.764079,3965.859485,1376,7477
2,52,2001.9863,284.735645,730.454306,288.728352,576.196170,21.204683,3985.340083,1584,7477
2,53,2002.9863,284.789527,727.623989,288.775397,573.021951,20.821544,3993.952853,1497,7477
2,54,2003.9863,284.845987,728.015454,288.834708,573.460981,22.312753,4004.793432,1304,7477
2,55,2004.9863,284.859314,733.035256,288.849964,579.090723,22.473051,4018.702930,1112,7477
2,56,2005.9836,284.867761,731.807772,288.838855,577.714091,19.602787,4033.931173,992,7477
2,57,2006.9836,284.781358,735.592594,288.746402,581.958793,21.540171,4045.318032,1618,7477
2,58,2007.9836,284.782262,733.408359,288.737296,579.509160,21.133079,4061.180442,1754,7477
2,59,2008.9836,284.791617,734.904850,288.749530,581.187484,21.131256,4076.549501,1518,7477
2,60,2009.9808,284.897440,732.803951,288.862742,578.831312,19.043299,4085.926969,1458,7477
2,61,2010.9808,284.921342,736.941422,288.888883,583.471514,22.538213,4095.674978,1652,7477
