phase,year,GPP,TLAI,TOTVEGC,TOTSOMC,TOTECOSYSC,TWS,H2OSOI_col,TSOI_deep,H2OSNO
AD,1,0,0,0.154908,0.884927,1.03984,128.499,,,
AD,2,1.88799,0.87576,0.307064,0.766414,1.10231,1291.42,,,
AD,3,2.53527,1.44465,0.566068,0.586935,1.2728,1497.78,,,
AD,4,2.68253,1.86234,0.712223,0.506034,1.42437,1584.59,,,
AD,5,2.72823,1.9736,0.799811,0.469669,1.54725,1641.46,,,
AD,6,2.70661,1.99261,0.851815,0.453599,1.64637,1675.1,,,
AD,7,2.72336,2.01101,0.89248,0.444811,1.72991,1696.07,,,
AD,8,2.6588,1.98006,0.904895,0.441292,1.78997,1705.7,,,
AD,9,2.70171,1.96395,0.916711,0.439502,1.83214,1723.62,,,
AD,10,2.69658,1.96247,0.932428,0.437895,1.87104,1739,,,
AD,11,2.69784,1.97791,0.945052,0.436754,1.90121,1747.79,,,
AD,12,2.66822,1.97104,0.953886,0.435106,1.92267,1756.53,,,
AD,13,2.61297,1.94166,0.949981,0.434812,1.9373,1756.77,,,
AD,14,2.63146,1.92132,0.952939,0.434475,1.95083,1773.68,,,
AD,15,2.61,1.93759,0.9579,0.433622,1.96417,1777.74,,,
AD,16,2.62414,1.93351,0.956853,0.433541,1.9699,1779.77,,,
AD,17,2.59854,1.91751,0.959147,0.432977,1.97644,1787.68,,,
AD,18,2.64395,1.94099,0.964777,0.432112,1.98238,1794.18,,,
AD,19,2.63356,1.95312,0.969569,0.430988,1.98338,1802.45,,,
AD,20,2.64664,1.9543,0.974952,0.429399,1.98944,1810.67,,,
AD,21,2.66748,1.96932,0.982576,0.429324,1.99823,1813.37,,,
AD,22,2.64896,1.97825,0.986864,0.429073,2.00483,1812.69,,,
AD,23,2.5797,1.94965,0.981095,0.430164,2.00765,1807.07,,,
AD,24,2.58919,1.9313,0.972252,0.43142,2.00404,1807.52,,,
AD,25,2.61047,1.94518,0.978122,0.430628,2.00552,1813.92,,,
AD,26,2.61719,1.96196,0.981656,0.429873,2.00938,1810.98,,,
AD,27,2.60199,1.96287,0.980955,0.430034,2.0099,1813.98,,,
AD,28,2.60049,1.94457,0.979626,0.42968,2.00844,1820.33,,,
AD,29,2.58176,1.94712,0.979836,0.429374,2.00544,1825.6,,,
AD,30,2.57867,1.9463,0.982977,0.428407,2.0049,1825.27,,,
AD,31,2.62565,1.97836,0.990573,0.426464,2.00645,1830.78,,,
AD,32,2.64134,1.98981,0.998205,0.424238,2.0128,1838.26,,,
AD,33,2.57328,1.9721,0.995487,0.42475,2.02,1835.55,,,
AD,34,2.56784,1.95975,0.986348,0.426819,2.01707,1833.06,,,
AD,35,2.57785,1.95076,0.98867,0.427339,2.01864,1839.48,,,
AD,36,2.55291,1.94891,0.988306,0.427679,2.02062,1840.98,,,
AD,37,2.57788,1.96581,0.993558,0.427462,2.02519,1839.48,,,
AD,38,2.54241,1.9568,0.987771,0.428546,2.02683,1831.91,,,
AD,39,2.58856,1.95246,0.986204,0.429391,2.02307,1836.56,,,
AD,40,2.59611,1.96082,0.992858,0.429623,2.0258,1841.08,,,
AD,41,2.61939,1.99242,1.0006,0.429437,2.03121,1840.9,,,
AD,42,2.59742,1.99443,1.00367,0.428857,2.03439,1841.6,,,
AD,43,2.55924,1.97425,0.997024,0.429613,2.03653,1834.4,,,
AD,44,2.57584,1.95921,0.995417,0.430762,2.04039,1845.21,,,
AD,45,2.56355,1.96875,0.994406,0.431596,2.04354,1843.84,,,
AD,46,2.5791,1.96573,0.990617,0.432628,2.04117,1841.22,,,
AD,47,2.55985,1.95518,0.991984,0.432698,2.04149,1845.36,,,
AD,48,2.60032,1.977,0.995266,0.432553,2.0423,1848.33,,,
AD,49,2.59568,1.98552,0.997831,0.432123,2.03805,1852.81,,,
AD,50,2.60811,1.98775,1.00188,0.430917,2.03989,1858,,,
AD,51,2.62768,2.00217,1.00717,0.431193,2.04468,1858.16,,,
AD,52,2.6134,2.00794,1.00989,0.431182,2.04808,1854.79,,,
AD,53,2.55651,1.98232,1.00351,0.432383,2.04902,1846.76,,,
AD,54,2.5661,1.96491,0.993333,0.434012,2.04383,1844.9,,,
AD,55,2.58201,1.9719,0.996416,0.433917,2.04274,1849.44,,,
AD,56,2.59572,1.98794,0.999413,0.433517,2.04449,1844.75,,,
AD,57,2.57871,1.98829,0.998253,0.433709,2.04355,1845.99,,,
AD,58,2.57958,1.9714,0.996695,0.433411,2.04131,1850.95,,,
AD,59,2.56222,1.97358,0.99607,0.433268,2.03726,1854.72,,,
AD,60,2.55958,1.97098,0.998225,0.432568,2.03511,1853.11,,,
AD,61,2.60484,2.00055,1.00501,0.430797,2.03551,1857.42,,,
AD,62,2.61773,2.0105,1.0113,0.428703,2.0404,1863.69,,,
AD,63,2.55537,1.99126,1.00762,0.429285,2.04623,1859.93,,,
AD,64,2.5528,1.97882,0.998068,0.431289,2.04232,1856.4,,,
AD,65,2.56235,1.96894,0.99975,0.431725,2.04263,1861.77,,,
AD,66,2.53663,1.96585,0.998883,0.432077,2.04371,1862.18,,,
AD,67,2.56194,1.98023,1.00347,0.43192,2.04731,1859.94,,,
AD,68,2.53114,1.97395,0.997707,0.432981,2.04865,1851.53,,,
AD,69,2.5748,1.96845,0.994978,0.433896,2.04368,1855.49,,,
AD,70,2.58095,1.9745,1.00116,0.434101,2.04503,1859.57,,,
AD,71,2.60736,2.00738,1.00903,0.433799,2.05002,1858.7,,,
AD,72,2.58507,2.00745,1.01118,0.433233,2.0527,1858.73,,,
AD,73,2.54794,1.98674,1.00408,0.434033,2.05437,1850.81,,,
AD,74,2.56302,1.97033,1.00183,0.435245,2.05754,1861.09,,,
AD,75,2.55163,1.97868,1,0.436151,2.05973,1859.26,,,
AD,76,2.5687,1.97642,0.996361,0.437157,2.05694,1856.15,,,
AD,77,2.55043,1.96659,0.997819,0.437187,2.05712,1859.8,,,
AD,78,2.58805,1.98637,1.00079,0.437056,2.05743,1862.36,,,
AD,79,2.58528,1.99496,1.00336,0.436564,2.05274,1866.34,,,
AD,80,2.59744,1.99722,1.00723,0.435257,2.05419,1871.15,,,
AD,81,2.6162,2.01146,1.01204,0.435477,2.05857,1871.07,,,
AD,82,2.60213,2.01654,1.01445,0.435415,2.06149,1867.24,,,
AD,83,2.54959,1.99186,1.00792,0.436534,2.06215,1858.81,,,
AD,84,2.55806,1.97403,0.997613,0.438153,2.05702,1856.5,,,
AD,85,2.57283,1.97958,1.00023,0.438138,2.05549,1860.75,,,
AD,86,2.58831,1.99536,1.00332,0.437732,2.05702,1855.77,,,
AD,87,2.57036,1.9956,1.00207,0.437881,2.05586,1856.66,,,
AD,88,2.57284,1.97889,1.00064,0.437489,2.05352,1861.31,,,
AD,89,2.5559,1.98137,0.999963,0.437252,2.04932,1864.79,,,
AD,90,2.55255,1.97858,1.002,0.436515,2.0469,1862.93,,,
AD,91,2.5961,2.00673,1.00845,0.434748,2.04702,1866.98,,,
AD,92,2.60999,2.01734,1.01441,0.432647,2.05148,1872.97,,,
AD,93,2.55063,1.99824,1.01074,0.433158,2.05723,1868.87,,,
AD,94,2.54713,1.98513,1.00113,0.435134,2.05339,1865.04,,,
AD,95,2.55786,1.97597,1.00253,0.435589,2.05344,1870.09,,,
AD,96,2.5309,1.9711,1.00154,0.435948,2.05416,1870.23,,,
AD,97,2.55513,1.98482,1.00608,0.435766,2.05751,1867.84,,,
AD,98,2.52774,1.97986,1.00058,0.436778,2.05893,1859.19,,,
AD,99,2.57087,1.97438,0.997666,0.437686,2.05396,1862.86,,,
AD,100,2.57665,1.98034,1.00366,0.437855,2.05491,1866.79,,,
AD,101,2.60366,2.0135,1.01155,0.437485,2.0597,1865.74,,,
AD,102,2.58096,2.01355,1.01348,0.436902,2.06227,1865.55,,,
AD,103,2.54342,1.99176,1.00622,0.437695,2.06385,1857.46,,,
AD,104,2.55882,1.97456,1.00349,0.438955,2.06663,1867.66,,,
AD,105,2.54787,1.98323,1.00153,0.439831,2.06842,1865.7,,,
AD,106,2.56487,1.97994,0.997912,0.440817,2.06556,1862.42,,,
AD,107,2.54748,1.97106,0.999517,0.440797,2.06561,1865.94,,,
AD,108,2.5836,1.99071,1.00253,0.440602,2.06577,1868.37,,,
AD,109,2.58055,1.99912,1.00506,0.440038,2.06082,1872.2,,,
AD,110,2.59447,2.00224,1.00896,0.438651,2.06218,1876.85,,,
AD,111,2.61101,2.01523,1.01345,0.438857,2.06634,1876.65,,,
AD,112,2.59735,2.01985,1.0158,0.438724,2.06906,1872.67,,,
AD,113,2.54707,1.99614,1.00931,0.439778,2.0698,1864.04,,,
AD,114,2.55398,1.97694,0.998921,0.441393,2.06462,1861.59,,,
AD,115,2.56887,1.98268,1.00133,0.441399,2.06295,1865.76,,,
AD,116,2.58603,1.99894,1.00449,0.44098,2.06442,1860.63,,,
AD,117,2.56604,1.99851,1.00324,0.441091,2.06312,1861.44,,,
AD,118,2.56997,1.98243,1.00199,0.44062,2.06081,1865.92,,,
AD,119,2.55249,1.98501,1.00134,0.440303,2.05657,1869.27,,,
AD,120,2.55023,1.98202,1.00327,0.439525,2.05396,1867.25,,,
AD,121,2.59322,2.00937,1.00966,0.437759,2.05399,1871.17,,,
AD,122,2.60722,2.02059,1.01538,0.435645,2.0583,1877.08,,,
AD,123,2.54823,2.00091,1.01164,0.436129,2.06392,1872.87,,,
AD,124,2.54403,1.9877,1.0021,0.438061,2.0601,1868.97,,,
AD,125,2.55583,1.97873,1.00346,0.438513,2.06008,1873.91,,,
AD,126,2.52883,1.97409,1.00255,0.438838,2.0607,1873.92,,,
AD,127,2.55264,1.98783,1.00704,0.438631,2.06399,1871.44,,,
AD,128,2.52606,1.98295,1.00138,0.439641,2.06535,1862.67,,,
AD,129,2.56906,1.9767,0.998336,0.440533,2.06013,1866.32,,,
AD,130,2.57431,1.98237,1.0044,0.440639,2.06088,1870.23,,,
AD,131,2.60142,2.01627,1.0124,0.440193,2.06565,1869.11,,,
AD,132,2.57844,2.01583,1.01416,0.439601,2.06821,1868.81,,,
AD,133,2.54159,1.99371,1.00682,0.44041,2.06973,1860.63,,,
AD,134,2.55646,1.97626,1.00398,0.441681,2.07239,1870.76,,,
AD,135,2.5463,1.98535,1.00188,0.442564,2.07406,1868.72,,,
AD,136,2.56243,1.98153,0.99829,0.443558,2.07112,1865.38,,,
AD,137,2.54615,1.97278,0.999994,0.443525,2.07119,1868.84,,,
AD,138,2.58182,1.99266,1.00312,0.443305,2.07132,1871.23,,,
AD,139,2.5793,2.00105,1.00583,0.442679,2.06638,1874.96,,,
AD,140,2.59317,2.00443,1.00967,0.441246,2.06769,1879.54,,,
AD,141,2.60947,2.01747,1.01409,0.441434,2.0718,1879.3,,,
AD,142,2.59597,2.02249,1.01632,0.44127,2.07445,1875.24,,,
AD,143,2.54599,1.99764,1.00974,0.4423,2.07503,1866.53,,,
AD,144,2.55195,1.97815,0.99931,0.443888,2.06974,1864.03,,,
AD,145,2.56754,1.98401,1.00179,0.443859,2.06797,1868.14,,,
AD,146,2.58471,2.00035,1.00499,0.443406,2.06949,1862.92,,,
AD,147,2.56488,2.00056,1.00382,0.44349,2.06819,1863.67,,,
AD,148,2.56918,1.98435,1.00266,0.442974,2.06587,1868.1,,,
AD,149,2.55229,1.98739,1.00212,0.442607,2.06173,1871.38,,,
AD,150,2.54954,1.98426,1.00395,0.441823,2.05906,1869.32,,,
AD,151,2.59213,2.0116,1.01033,0.440068,2.05913,1873.19,,,
AD,152,2.606,2.02224,1.01596,0.437979,2.06341,1879.07,,,
AD,153,2.54763,2.00284,1.01223,0.438445,2.06896,1874.83,,,
AD,154,2.54262,1.98916,1.00255,0.440374,2.06505,1870.91,,,
AD,155,2.55476,1.9802,1.00382,0.440823,2.06484,1875.84,,,
AD,156,2.52805,1.97548,1.00292,0.441115,2.06526,1875.81,,,
AD,157,2.55185,1.98947,1.00757,0.440849,2.06853,1873.28,,,
AD,158,2.52589,1.9849,1.002,0.441815,2.06996,1864.44,,,
AD,159,2.56873,1.97841,0.998834,0.442721,2.06482,1868.02,,,
AD,160,2.57312,1.98379,1.00486,0.442814,2.06546,1871.94,,,
AD,161,2.60114,2.01788,1.01286,0.442332,2.07016,1870.77,,,
AD,162,2.5779,2.01727,1.0146,0.441728,2.07268,1870.42,,,
AD,163,2.54107,1.99561,1.00728,0.442526,2.07422,1862.19,,,
AD,164,2.5558,1.97782,1.00426,0.443811,2.07679,1872.3,,,
AD,165,2.54577,1.98654,1.00213,0.44468,2.07834,1870.24,,,
AD,166,2.5618,1.98266,0.998418,0.445683,2.07527,1866.86,,,
AD,167,2.54557,1.97406,1.00018,0.445627,2.07523,1870.31,,,
AD,168,2.58128,1.99372,1.00336,0.445359,2.07526,1872.67,,,
AD,169,2.57852,2.00243,1.00605,0.444678,2.07026,1876.35,,,
AD,170,2.59231,2.00556,1.00976,0.443231,2.07149,1880.9,,,
AD,171,2.60856,2.01854,1.01409,0.443414,2.0754,1880.66,,,
AD,172,2.59393,2.02254,1.01636,0.443198,2.0779,1876.61,,,
AD,173,2.54617,1.99943,1.00988,0.444175,2.07851,1867.87,,,
AD,174,2.55122,1.97918,0.999438,0.445734,2.07319,1865.31,,,
AD,175,2.56689,1.9849,1.00186,0.445699,2.0714,1869.4,,,
AD,176,2.58389,2.00119,1.00507,0.445238,2.07285,1864.14,,,
AD,177,2.56389,2.00136,1.0039,0.445291,2.07145,1864.91,,,
AD,178,2.56865,1.98567,1.00281,0.444729,2.06917,1869.3,,,
AD,179,2.55117,1.98839,1.00227,0.44432,2.06497,1872.55,,,
AD,180,2.54885,1.98542,1.00412,0.443489,2.0622,1870.48,,,
AD,181,2.59167,2.01304,1.01056,0.441711,2.06236,1874.3,,,
AD,182,2.60607,2.02366,1.0161,0.439629,2.0666,1880.11,,,
AD,183,2.54714,2.00408,1.01236,0.440103,2.07212,1875.86,,,
AD,184,2.54193,1.99016,1.00274,0.442017,2.06827,1871.91,,,
AD,185,2.55468,1.98174,1.00404,0.44246,2.06809,1876.81,,,
AD,186,2.52765,1.97694,1.0032,0.442745,2.06859,1876.7,,,
AD,187,2.55131,1.99093,1.00773,0.442484,2.07181,1874.15,,,
AD,188,2.52491,1.98546,1.002,0.443471,2.0731,1865.32,,,
AD,189,2.56764,1.97865,0.998801,0.444358,2.06777,1868.93,,,
AD,190,2.57266,1.98433,1.00492,0.444418,2.06836,1872.81,,,
AD,191,2.60043,2.01882,1.01303,0.443897,2.07309,1871.63,,,
AD,192,2.57755,2.01841,1.01475,0.443262,2.07561,1871.27,,,
AD,193,2.54065,1.99676,1.00743,0.444046,2.07718,1863.01,,,
AD,194,2.55554,1.97885,1.00444,0.445326,2.07981,1873.09,,,
AD,195,2.54561,1.98765,1.00231,0.446211,2.0814,1871.04,,,
AD,196,2.56155,1.98347,0.998657,0.447232,2.07846,1867.65,,,
AD,197,2.54515,1.97481,1.00042,0.447203,2.07855,1871.08,,,
AD,198,2.58075,1.9945,1.00357,0.446954,2.07854,1873.45,,,
AD,199,2.57828,2.00329,1.00634,0.446272,2.07354,1877.1,,,
AD,200,2.59206,2.00643,1.01013,0.444806,2.07478,1881.65,,,
AD,201,2.60824,2.0195,1.0145,0.444975,2.0788,1881.4,,,
AD,202,2.59417,2.02339,1.01671,0.444773,2.08136,1877.3,,,
AD,203,2.54618,2.0002,1.0102,0.44577,2.08195,1868.52,,,
AD,204,2.55125,1.98012,0.999779,0.447333,2.07668,1865.93,,,
AD,205,2.5669,1.986,1.0022,0.447291,2.07482,1870.01,,,
AD,206,2.58397,2.0022,1.00537,0.446822,2.07622,1864.72,,,
AD,207,2.56381,2.00207,1.00422,0.446879,2.07477,1865.47,,,
AD,208,2.56899,1.98654,1.00317,0.446293,2.07245,1869.85,,,
AD,209,2.55156,1.98961,1.00269,0.445855,2.0683,1873.07,,,
AD,210,2.54887,1.98646,1.00446,0.445015,2.06546,1871,,,
AD,211,2.59143,2.01373,1.01085,0.443253,2.06557,1874.82,,,
postAD,212,2.59974,2.02098,4.69321,17.7342,24.021,1880.22,0.23408,289.401,27.6521
postAD,213,2.53975,1.9987,4.68851,17.7352,24.0257,1876.76,0.233162,289.263,29.1006
postAD,214,2.53227,1.98323,4.67777,17.7375,24.0208,1872.91,0.232718,289.205,28.3539
postAD,215,2.54339,1.9728,4.67794,17.7385,24.0199,1877.99,0.233923,289.176,28.0966
postAD,216,2.51605,1.96646,4.67632,17.7395,24.02,1877.93,0.234384,289.099,28.7385
postAD,217,2.54047,1.97803,4.68085,17.7399,24.023,1875.38,0.233674,289.084,28.0087
postAD,218,2.5155,1.97236,4.67578,17.7414,24.0247,1866.48,0.23186,289.09,27.832
postAD,219,2.55453,1.9643,4.6722,17.7428,24.0195,1870.11,0.232976,289.131,27.1963
postAD,220,2.5593,1.96933,4.67762,17.7434,24.0208,1874.08,0.233536,289.136,28.1773
postAD,221,2.58703,2.0018,4.68496,17.7436,24.0254,1872.92,0.233166,289.166,27.723
postAD,222,2.56272,2.00016,4.68628,17.7434,24.0272,1872.59,0.232681,289.213,27.9017
postAD,223,2.5247,1.97703,4.67878,17.7445,24.028,1864.4,0.231516,289.197,28.5641
postAD,224,2.53932,1.95929,4.67527,17.746,24.0299,1874.63,0.233184,289.13,29.3335
postAD,225,2.52862,1.96873,4.6726,17.7472,24.031,1872.63,0.232282,289.109,28.2951
postAD,226,2.54363,1.96367,4.66751,17.7488,24.0276,1869.33,0.23199,289.166,27.4601
postAD,227,2.52748,1.9539,4.66784,17.7493,24.0275,1872.83,0.23331,289.179,28.793
postAD,228,2.56122,1.9718,4.66961,17.7498,24.0278,1875.24,0.233619,289.139,29.0892
postAD,229,2.55934,1.97969,4.67129,17.7499,24.0231,1878.88,0.234155,289.218,27.2268
postAD,230,2.57407,1.98359,4.67413,17.7491,24.0241,1883.49,0.234074,289.275,28.2345
postAD,231,2.58989,1.9955,4.67779,17.7497,24.0277,1883.19,0.234474,289.255,27.2509
postAD,232,2.57776,2.00053,4.68037,17.75,24.0302,1879.02,0.233445,289.217,26.8877
postAD,233,2.53051,1.97836,4.67497,17.7515,24.031,1870.11,0.231664,289.273,27.1759
postAD,234,2.53347,1.95739,4.66448,17.7537,24.0251,1867.52,0.231823,289.295,26.738
postAD,235,2.54784,1.96261,4.66611,17.7545,24.0229,1871.73,0.232625,289.322,27.9457
postAD,236,2.56281,1.97637,4.66821,17.7549,24.0243,1866.54,0.231594,289.35,27.4779
postAD,237,2.54369,1.97734,4.66578,17.7556,24.0219,1867.39,0.231823,289.392,27.1643
postAD,238,2.54853,1.96169,4.66369,17.7559,24.0191,1871.71,0.23187,289.429,27.7381
postAD,239,2.53287,1.96479,4.66204,17.7563,24.0141,1874.86,0.232568,289.41,28.0022
postAD,240,2.52882,1.96136,4.66303,17.7563,24.0104,1872.77,0.232716,289.412,28.379
postAD,241,2.57152,1.98749,4.66876,17.7551,24.0097,1876.5,0.233696,289.417,26.6108
postAD,242,2.58796,2.00027,4.67464,17.7531,24.0132,1882.35,0.234384,289.404,27.7428
postAD,243,2.53231,1.98416,4.67241,17.7533,24.0187,1877.92,0.23337,289.266,29.1842
postAD,244,2.52736,1.97324,4.66406,17.755,24.0149,1873.79,0.23287,289.208,28.4434
postAD,245,2.53933,1.96561,4.66559,17.7556,24.0146,1878.67,0.234035,289.179,28.1828
postAD,246,2.5131,1.96175,4.66506,17.7563,24.0151,1878.5,0.234466,289.101,28.8236
postAD,247,2.53758,1.97428,4.67029,17.7564,24.0184,1875.87,0.233734,289.086,28.098
postAD,248,2.51269,1.96958,4.66589,17.7576,24.0201,1866.95,0.231914,289.092,27.9159
postAD,249,2.55221,1.9623,4.66279,17.7588,24.015,1870.54,0.23302,289.133,27.2721
postAD,250,2.55691,1.96761,4.66855,17.7594,24.0161,1874.52,0.233587,289.138,28.2514
postAD,251,2.58505,2.00102,4.6764,17.7595,24.0206,1873.36,0.233219,289.168,27.7922
postAD,252,2.56081,1.99954,4.67826,17.7592,24.0225,1872.99,0.232717,289.214,27.9605
postAD,253,2.52363,1.97735,4.67123,17.7602,24.0234,1864.74,0.231535,289.198,28.6184
postAD,254,2.53693,1.95912,4.66798,17.7617,24.0252,1874.97,0.233205,289.131,29.3898
postAD,255,2.52672,1.96924,4.66574,17.763,24.0263,1872.98,0.232308,289.111,28.3382
postAD,256,2.54273,1.96458,4.66126,17.7645,24.0231,1869.64,0.232006,289.167,27.4965
postAD,257,2.52665,1.95528,4.66203,17.765,24.023,1873.07,0.233315,289.18,28.8208
postAD,258,2.56052,1.97328,4.66424,17.7654,24.0235,1875.47,0.233625,289.141,29.1105
postAD,259,2.55872,1.98151,4.66639,17.7655,24.0189,1879.07,0.234153,289.22,27.2451
postAD,260,2.57312,1.98546,4.66956,17.7646,24.02,1883.67,0.234071,289.276,28.2452
postAD,261,2.58903,1.99789,4.67355,17.7652,24.0237,1883.38,0.234476,289.256,27.2545
postAD,262,2.57719,2.00297,4.6765,17.7654,24.0263,1879.19,0.233445,289.218,26.8851
postAD,263,2.53052,1.98141,4.67137,17.7669,24.0272,1870.25,0.231655,289.274,27.1738
postAD,264,2.53314,1.96019,4.66114,17.7691,24.0215,1867.67,0.231819,289.295,26.7265
postAD,265,2.54714,1.96557,4.663,17.7698,24.0194,1871.89,0.232618,289.323,27.9316
postAD,266,2.5623,1.97912,4.66534,17.7701,24.0208,1866.69,0.231587,289.351,27.463
postAD,267,2.54334,1.97985,4.66326,17.7708,24.0188,1867.52,0.231816,289.392,27.1487
postAD,268,2.54887,1.96475,4.66149,17.7709,24.0161,1871.81,0.231859,289.429,27.7235
postAD,269,2.53286,1.96826,4.66017,17.7712,24.0113,1874.97,0.232562,289.41,27.9799
postAD,270,2.5287,1.96436,4.66136,17.771,24.0078,1872.87,0.232712,289.412,28.3543
postAD,271,2.5717,1.99124,4.66754,17.7698,24.0074,1876.61,0.233698,289.418,26.5829
postAD,272,2.58788,2.00421,4.67361,17.7678,24.0112,1882.46,0.234383,289.404,27.7152
postAD,273,2.53245,1.98759,4.67146,17.768,24.0168,1878,0.233364,289.266,29.1543
postAD,274,2.52764,1.97691,4.66317,17.7697,24.013,1873.84,0.232861,289.208,28.4083
postAD,275,2.53918,1.96841,4.66473,17.7702,24.0128,1878.71,0.234023,289.179,28.1418
postAD,276,2.51323,1.96477,4.66449,17.7709,24.0135,1878.54,0.23446,289.101,28.7795
postAD,277,2.53814,1.97772,4.67006,17.7709,24.017,1875.89,0.233725,289.086,28.0497
postAD,278,2.51357,1.97346,4.66577,17.7721,24.0188,1866.95,0.231905,289.092,27.8689
postAD,279,2.55274,1.96586,4.66279,17.7733,24.014,1870.52,0.233006,289.133,27.2258
postAD,280,2.55735,1.9707,4.66873,17.7738,24.0153,1874.49,0.233571,289.138,28.2008
postAD,281,2.58592,2.00451,4.67685,17.7738,24.0202,1873.32,0.233198,289.167,27.7382
postAD,282,2.56115,2.00236,4.67879,17.7735,24.0223,1872.97,0.232699,289.214,27.9071
postAD,283,2.52466,1.9809,4.67189,17.7744,24.0234,1864.67,0.231508,289.198,28.5629
postAD,284,2.53799,1.96263,4.66874,17.7759,24.0253,1874.9,0.233188,289.132,29.3237
postAD,285,2.52724,1.97217,4.66674,17.7771,24.0267,1872.92,0.232296,289.111,28.2717
postAD,286,2.54352,1.96838,4.66257,17.7785,24.0238,1869.61,0.232,289.167,27.4355
postAD,287,2.52776,1.95875,4.66349,17.779,24.024,1873.03,0.233311,289.18,28.7632
postAD,288,2.56157,1.97711,4.66584,17.7794,24.0246,1875.4,0.233614,289.14,29.0624
postAD,289,2.55963,1.98496,4.66819,17.7794,24.0203,1879.01,0.234143,289.219,27.2007
postAD,290,2.57369,1.98859,4.67157,17.7784,24.0217,1883.6,0.234056,289.276,28.2065
postAD,291,2.58983,2.00135,4.67572,17.7788,24.0258,1883.32,0.234458,289.255,27.223
postAD,292,2.57755,2.00627,4.67871,17.7791,24.0286,1879.16,0.233435,289.218,26.8594
postAD,293,2.53056,1.9841,4.67366,17.7804,24.0297,1870.24,0.231653,289.274,27.1478
postAD,294,2.53393,1.96374,4.66362,17.7826,24.0241,1867.65,0.231814,289.295,26.7071
postAD,295,2.54819,1.96919,4.66559,17.7832,24.0223,1871.85,0.232608,289.323,27.9167
postAD,296,2.56346,1.9827,4.66809,17.7834,24.024,1866.64,0.231579,289.35,27.4432
postAD,297,2.54397,1.98286,4.66605,17.784,24.0221,1867.47,0.231808,289.392,27.1225
postAD,298,2.54983,1.96805,4.66448,17.784,24.0197,1871.75,0.231842,289.429,27.6979
postAD,299,2.5334,1.9711,4.66332,17.7842,24.0152,1874.9,0.232545,289.41,27.9469
postAD,300,2.52977,1.96773,4.66464,17.7839,24.012,1872.78,0.232697,289.412,28.3128
postAD,301,2.57277,1.99489,4.67095,17.7825,24.0119,1876.49,0.233675,289.417,26.5373
postAD,302,2.58892,2.00796,4.67715,17.7805,24.016,1882.3,0.234355,289.404,27.6566
postAD,303,2.53321,1.99062,4.67492,17.7807,24.0217,1877.84,0.233337,289.266,29.097
postAD,304,2.52856,1.97963,4.66659,17.7823,24.018,1873.7,0.232842,289.207,28.3504
postAD,305,2.53997,1.971,4.66818,17.7829,24.0179,1878.59,0.234014,289.178,28.0802
postAD,306,2.51389,1.96735,4.66808,17.7835,24.0188,1878.4,0.234444,289.101,28.7177
postAD,307,2.53909,1.98033,4.6736,17.7834,24.0224,1875.73,0.233704,289.086,27.9891
postAD,308,2.51421,1.97579,4.66931,17.7846,24.0244,1866.78,0.231884,289.092,27.8117
postAD,309,2.55385,1.96841,4.66648,17.7857,24.0197,1870.38,0.23299,289.133,27.1777
postAD,310,2.5586,1.97356,4.67262,17.7862,24.0213,1874.33,0.233545,289.137,28.1591
postAD,311,2.58663,2.00714,4.68067,17.7861,24.0264,1873.18,0.233175,289.167,27.7079
postAD,312,2.56236,2.00526,4.68274,17.7857,24.0287,1872.82,0.232673,289.214,27.8865
postAD,313,2.52548,1.98366,4.6758,17.7866,24.03,1864.53,0.231486,289.198,28.5558
postAD,314,2.53938,1.96542,4.6726,17.7881,24.032,1874.76,0.233164,289.131,29.3301
postAD,315,2.52863,1.9754,4.67057,17.7893,24.0335,1872.78,0.232273,289.11,28.2897
postAD,316,2.54451,1.97111,4.66655,17.7907,24.0308,1869.47,0.231973,289.167,27.461
postAD,317,2.52908,1.96164,4.66757,17.7911,24.0313,1872.87,0.233281,289.179,28.7888
postAD,318,2.56227,1.97942,4.66985,17.7914,24.0319,1875.27,0.23359,289.14,29.0902
postAD,319,2.56082,1.98762,4.67227,17.7914,24.0277,1878.9,0.23412,289.219,27.226
postAD,320,2.57481,1.99097,4.67567,17.7903,24.0293,1883.51,0.234034,289.276,28.2338
postAD,321,2.59104,2.00401,4.67989,17.7907,24.0335,1883.19,0.234426,289.255,27.2456
postAD,322,2.57855,2.00898,4.6829,17.7908,24.0365,1879.02,0.233403,289.217,26.8802
postAD,323,2.53179,1.98689,4.67785,17.7921,24.0377,1870.1,0.231625,289.273,27.1624
postAD,324,2.53457,1.96566,4.66771,17.7942,24.0322,1867.52,0.231787,289.295,26.7179
postAD,325,2.54903,1.97141,4.6697,17.7949,24.0305,1871.72,0.232585,289.322,27.924
postAD,326,2.5647,1.98539,4.67227,17.795,24.0323,1866.49,0.231549,289.35,27.4551
postAD,327,2.54509,1.98513,4.6702,17.7955,24.0306,1867.33,0.231775,289.391,27.1371
postAD,328,2.55037,1.97012,4.66865,17.7954,24.0283,1871.62,0.231821,289.428,27.7183
postAD,329,2.53414,1.9733,4.66748,17.7956,24.0238,1874.77,0.232524,289.409,27.9761
postAD,330,2.53071,1.97026,4.66893,17.7951,24.0208,1872.63,0.232665,289.411,28.3465
postAD,331,2.57373,1.99728,4.67527,17.7937,24.0208,1876.35,0.233651,289.417,26.5721
postAD,332,2.58991,2.01076,4.68144,17.7916,24.025,1882.14,0.234326,289.403,27.702
postAD,333,2.53452,1.99333,4.67924,17.7917,24.0308,1877.69,0.233307,289.265,29.1438
postAD,334,2.52938,1.98202,4.67078,17.7934,24.0272,1873.54,0.232812,289.207,28.3959
postAD,335,2.54072,1.9727,4.67222,17.7939,24.0271,1878.44,0.233986,289.178,28.129
postAD,336,2.51481,1.9694,4.67216,17.7945,24.0281,1878.26,0.234417,289.1,28.7685
postAD,337,2.53948,1.98197,4.67766,17.7944,24.0318,1875.6,0.233685,289.085,28.0421
postAD,338,2.51523,1.97777,4.67339,17.7955,24.0338,1866.66,0.231867,289.091,27.8575
postAD,339,2.55512,1.97075,4.67067,17.7966,24.0293,1870.23,0.232964,289.132,27.2139
postAD,340,2.55931,1.97535,4.67672,17.797,24.031,1874.16,0.233514,289.137,28.1907
postAD,341,2.58744,2.00892,4.68471,17.7969,24.0361,1872.99,0.233142,289.167,27.7332
postAD,342,2.56345,2.00752,4.68676,17.7965,24.0385,1872.63,0.232646,289.213,27.8987
postAD,343,2.52623,1.98535,4.67973,17.7974,24.0398,1864.34,0.231463,289.197,28.5548
postAD,344,2.53993,1.96689,4.67648,17.7988,24.0419,1874.55,0.23314,289.131,29.3205
postAD,345,2.52934,1.97679,4.67448,17.8,24.0435,1872.57,0.232246,289.11,28.274
postAD,346,2.54557,1.97325,4.67047,17.8014,24.0408,1869.22,0.23194,289.166,27.439
postAD,347,2.52985,1.96322,4.67146,17.8018,24.0414,1872.6,0.233245,289.179,28.7544
postAD,348,2.56315,1.98144,4.67372,17.802,24.0421,1874.99,0.233553,289.14,29.0459
postAD,349,2.56178,1.98997,4.67619,17.8019,24.038,1878.59,0.234082,289.218,27.173
postAD,350,2.57541,1.99313,4.67944,17.8009,24.0396,1883.19,0.233999,289.275,28.175
postAD,351,2.59157,2.0056,4.68359,17.8012,24.0438,1882.9,0.234401,289.254,27.1839
postAD,352,2.57925,2.01035,4.6866,17.8013,24.0468,1878.74,0.233382,289.217,26.8128
postAD,353,2.53237,1.98809,4.68151,17.8026,24.048,1869.8,0.231596,289.273,27.0922
postAD,354,2.53537,1.96727,4.6714,17.8046,24.0427,1867.21,0.231761,289.294,26.6417
postAD,355,2.5496,1.97297,4.67329,17.8053,24.0409,1871.41,0.23256,289.322,27.8465
postAD,356,2.56515,1.98647,4.67583,17.8053,24.0427,1866.18,0.231526,289.349,27.3769
postAD,357,2.54537,1.98644,4.67385,17.8058,24.0411,1867.02,0.231754,289.391,27.0587
postAD,358,2.55133,1.97183,4.67229,17.8057,24.0389,1871.3,0.231795,289.428,27.6345
postAD,359,2.53455,1.97469,4.67116,17.8058,24.0345,1874.46,0.232499,289.409,27.8973
postAD,360,2.5312,1.97157,4.67257,17.8053,24.0315,1872.33,0.23264,289.41,28.268
postAD,361,2.57459,1.99899,4.67899,17.8038,24.0317,1876.04,0.233617,289.416,26.4935
postAD,362,2.59047,2.01231,4.68513,17.8017,24.036,1881.83,0.234296,289.403,27.6191
postAD,363,2.53494,1.99443,4.68273,17.8018,24.0417,1877.37,0.233284,289.265,29.0609
postAD,364,2.52944,1.98303,4.67423,17.8034,24.038,1873.27,0.232797,289.206,28.3172
postAD,365,2.54152,1.97452,4.67576,17.8039,24.038,1878.15,0.233965,289.177,28.0507
postAD,366,2.51542,1.97086,4.67562,17.8045,24.039,1877.98,0.234397,289.1,28.6929
postAD,367,2.53984,1.98288,4.68104,17.8044,24.0427,1875.31,0.233663,289.085,27.9664
postAD,368,2.5156,1.97881,4.67677,17.8055,24.0447,1866.37,0.231842,289.091,27.7853
postAD,369,2.55514,1.97145,4.67391,17.8066,24.0402,1869.95,0.232938,289.132,27.1444
postAD,370,2.55952,1.97592,4.67999,17.8069,24.0419,1873.89,0.233488,289.137,28.1241
postAD,371,2.58805,2.00987,4.688,17.8068,24.0471,1872.72,0.233119,289.166,27.6694
postAD,372,2.56369,2.00848,4.69003,17.8064,24.0496,1872.37,0.232625,289.213,27.8445
postAD,373,2.52619,1.98629,4.68292,17.8072,24.0508,1864.1,0.231446,289.197,28.5054
postAD,374,2.54051,1.96803,4.67975,17.8087,24.0529,1874.32,0.23312,289.13,29.276
postAD,375,2.52996,1.97815,4.67776,17.8098,24.0546,1872.31,0.232222,289.11,28.2299
postAD,376,2.54582,1.97438,4.67369,17.8111,24.052,1868.99,0.231921,289.166,27.4035
postAD,377,2.53007,1.96453,4.67464,17.8115,24.0525,1872.4,0.233229,289.179,28.7323
postAD,378,2.56395,1.98273,4.67692,17.8117,24.0532,1874.8,0.233539,289.139,29.0342
postAD,379,2.56246,1.99106,4.67935,17.8116,24.0491,1878.39,0.234061,289.218,27.1645
postAD,380,2.57633,1.99463,4.68263,17.8105,24.0507,1882.98,0.233972,289.275,28.1701
postAD,381,2.59264,2.00706,4.68673,17.8108,24.0551,1882.66,0.23437,289.254,27.1833
postAD,382,2.57977,2.01175,4.68958,17.8109,24.058,1878.52,0.233359,289.216,26.8176
postAD,383,2.53295,1.98948,4.6845,17.8122,24.0592,1869.61,0.231578,289.272,27.1016
postAD,384,2.53597,1.96827,4.67432,17.8142,24.0539,1867.01,0.231736,289.294,26.6633
postAD,385,2.55053,1.97413,4.67621,17.8148,24.0521,1871.2,0.232534,289.321,27.8724
postAD,386,2.566,1.98759,4.67871,17.8149,24.0539,1865.98,0.2315,289.349,27.4063
postAD,387,2.5461,1.98753,4.67668,17.8153,24.0523,1866.82,0.231725,289.39,27.0887
postAD,388,2.55197,1.97282,4.67509,17.8152,24.05,1871.11,0.231769,289.428,27.671
postAD,389,2.53528,1.97604,4.67392,17.8152,24.0457,1874.25,0.232471,289.409,27.9397
postAD,390,2.5315,1.97261,4.67519,17.8147,24.0426,1872.16,0.232625,289.41,28.317
postAD,391,2.57495,2.00017,4.68162,17.8132,24.0427,1875.9,0.233605,289.416,26.5476
postAD,392,2.5913,2.01324,4.6877,17.811,24.047,1881.67,0.234278,289.402,27.6859
postAD,393,2.53553,1.99564,4.68535,17.8111,24.0527,1877.21,0.233262,289.265,29.1373
postAD,394,2.53027,1.98399,4.67673,17.8127,24.049,1873.11,0.232771,289.206,28.3986
postAD,395,2.54222,1.97506,4.6782,17.8132,24.049,1877.98,0.233935,289.177,28.1358
postAD,396,2.51615,1.97156,4.67796,17.8138,24.0498,1877.81,0.234371,289.1,28.7777
postAD,397,2.54035,1.98339,4.68344,17.8137,24.0536,1875.15,0.233635,289.085,28.0564
postAD,398,2.51621,1.97931,4.67903,17.8147,24.0555,1866.23,0.231821,289.091,27.8734
postAD,399,2.556,1.97267,4.67632,17.8158,24.0511,1869.8,0.232913,289.132,27.2355
postAD,400,2.56011,1.97694,4.68234,17.8161,24.0528,1873.73,0.233463,289.137,28.2155
postAD,401,2.58836,2.01074,4.69026,17.816,24.0579,1872.59,0.233102,289.166,27.7603
postAD,402,2.56442,2.00932,4.69227,17.8155,24.0603,1872.23,0.232604,289.213,27.9304
postAD,403,2.52693,1.98707,4.68516,17.8164,24.0616,1863.93,0.231419,289.197,28.5926
postAD,404,2.54096,1.96893,4.6818,17.8178,24.0636,1874.17,0.233096,289.13,29.3654
postAD,405,2.53038,1.97878,4.67961,17.8189,24.065,1872.18,0.232202,289.11,28.3189
postAD,406,2.54632,1.97475,4.67549,17.8202,24.0624,1868.85,0.231897,289.166,27.4902
postAD,407,2.53071,1.96501,4.67639,17.8205,24.0628,1872.27,0.233206,289.179,28.8209
postAD,408,2.56451,1.98338,4.67871,17.8208,24.0635,1874.67,0.233512,289.139,29.1295
postAD,409,2.5624,1.99175,4.68104,17.8206,24.0593,1878.27,0.234039,289.218,27.2661
postAD,410,2.57638,1.99488,4.68424,17.8194,24.0609,1882.88,0.233954,289.275,28.276
postAD,411,2.59257,2.00733,4.68827,17.8198,24.0651,1882.58,0.234353,289.254,27.2898
postAD,412,2.57945,2.01166,4.69101,17.8198,24.0679,1878.47,0.233347,289.216,26.9246
