spinup_year,btot,soilC,colwater,soilT_deep,LAI,nep,sens,evap
1,1.1337,384.4,6390.3,276.47,0.28246,-0.46747,21.607,1.3896e-05
2,1.1415,369.68,6514.8,274.31,0.29423,-0.015027,26.919,2.7099e-06
3,1.1376,369.22,6503.9,272.01,0.28523,-0.0082803,28.63,2.2613e-06
4,1.1429,368.8,6496.4,271.34,0.30507,0.0016497,28.788,2.3196e-06
5,1.1554,368.43,6491.2,270.96,0.32327,0.0088227,28.842,2.3985e-06
6,1.1719,368.13,6488.2,270.74,0.33657,0.011618,28.843,2.4437e-06
7,1.1891,367.87,6487,270.61,0.34438,0.012164,28.815,2.4549e-06
8,1.2054,367.63,6487.6,270.54,0.3469,0.011295,28.801,2.4386e-06
9,1.2204,367.42,6488.2,270.51,0.34712,0.010304,28.835,2.4179e-06
10,1.2339,367.23,6489.4,270.49,0.34572,0.009028,28.857,2.3897e-06
11,1.2462,367.06,6490.3,270.49,0.34468,0.0083183,28.876,2.3606e-06
12,1.2574,366.9,6491.1,270.51,0.34341,0.0075045,28.89,2.3303e-06
13,1.2678,366.74,6491.8,270.52,0.3427,0.0069219,28.938,2.3056e-06
14,1.2772,366.6,6493.2,270.54,0.34193,0.0062157,28.965,2.2778e-06
15,1.2852,366.49,6495.1,270.56,0.34157,0.0051148,28.985,2.2453e-06
16,1.2924,366.29,6492.1,270.57,0.33456,-0.0047645,28.822,2.2256e-06
17,1.2768,366.04,6439.4,270.57,0.31023,-0.033946,29.857,1.7235e-06
18,1.2414,365.91,6418.2,270.58,0.29925,-0.038622,30.095,1.6129e-06
19,1.2107,365.65,6406,270.59,0.28612,-0.032097,30.064,1.6187e-06
20,1.1877,365.35,6397.7,270.61,0.26956,-0.02529,29.939,1.65e-06
21,1.1717,365.04,6392.3,270.62,0.25818,-0.018995,29.832,1.6863e-06
22,1.161,364.73,6388.2,270.63,0.2522,-0.014636,29.681,1.7164e-06
23,1.1538,364.42,6384.2,270.64,0.24771,-0.012207,29.557,1.7362e-06
24,1.1485,364.12,6381.7,270.65,0.24496,-0.01106,29.47,1.7395e-06
25,1.1441,363.83,6378.9,270.65,0.24222,-0.010433,29.43,1.7418e-06
26,1.1402,363.54,6377.8,270.66,0.23945,-0.010205,29.387,1.7418e-06
27,1.1366,363.23,6377.2,270.66,0.23715,-0.01031,29.342,1.7454e-06
28,1.1332,362.92,6376.4,270.65,0.23568,-0.010253,29.291,1.7503e-06
29,1.13,362.6,6375.2,270.65,0.23464,-0.010291,29.27,1.7626e-06
30,1.1271,362.27,6374.3,270.65,0.23382,-0.010547,29.24,1.7748e-06
31,1.1317,355.24,6384.9,276.46,0.28037,-0.32357,21.619,1.3898e-05
32,1.1383,344.92,6514.6,274.31,0.28852,-0.013196,26.934,2.666e-06
33,1.1335,344.56,6504.2,272.02,0.27896,-0.0078727,28.696,2.2122e-06
34,1.1373,344.21,6496.7,271.35,0.29855,0.0014427,28.895,2.2669e-06
35,1.1486,343.91,6491.9,270.97,0.31633,0.0091324,28.92,2.351e-06
36,1.1644,343.67,6489.4,270.74,0.33088,0.012653,28.891,2.4063e-06
37,1.1814,343.48,6488.5,270.62,0.33996,0.013441,28.863,2.4255e-06
38,1.198,343.3,6488.7,270.55,0.3439,0.012956,28.873,2.42e-06
39,1.2134,343.16,6489.4,270.51,0.3452,0.011959,28.869,2.4043e-06
40,1.2269,343.04,6492.1,270.48,0.34262,0.010447,26.578,2.3447e-06
41,1.2402,342.91,6491.2,270.5,0.34369,0.010327,28.846,2.3587e-06
42,1.2523,342.81,6491.7,270.51,0.34307,0.0095199,28.879,2.3308e-06
43,1.2634,342.72,6492.4,270.52,0.34211,0.0087608,28.904,2.3051e-06
44,1.2737,342.64,6494.1,270.54,0.34122,0.0081737,28.946,2.2785e-06
45,1.2832,342.57,6495.8,270.56,0.34074,0.0077606,28.969,2.2499e-06
46,1.2919,342.43,6493.6,270.57,0.33538,-0.0014578,28.811,2.2324e-06
47,1.2777,342.25,6441.5,270.57,0.31148,-0.032136,29.834,1.724e-06
48,1.2422,342.19,6419.9,270.58,0.30002,-0.037481,30.086,1.6077e-06
49,1.2111,342,6407.6,270.59,0.28741,-0.031174,30.061,1.6102e-06
50,1.1877,341.78,6399,270.61,0.27113,-0.024234,29.952,1.6427e-06
51,1.1713,341.54,6393.7,270.62,0.25969,-0.017985,29.817,1.68e-06
52,1.1603,341.3,6389.5,270.63,0.25331,-0.013668,29.674,1.7104e-06
53,1.1528,341.05,6385.9,270.64,0.24896,-0.01123,29.538,1.7299e-06
54,1.1474,340.81,6383.1,270.65,0.24553,-0.0099495,29.467,1.7368e-06
55,1.1429,340.58,6380.3,270.65,0.2424,-0.0093735,29.409,1.7388e-06
56,1.1389,340.35,6379.2,270.65,0.2397,-0.0090773,29.371,1.7377e-06
57,1.1351,340.11,6378.8,270.66,0.23724,-0.0091418,29.329,1.7401e-06
58,1.1317,339.86,6377.6,270.65,0.23579,-0.0090485,29.301,1.746e-06
59,1.1284,339.61,6376.5,270.65,0.2345,-0.0090095,29.264,1.7563e-06
60,1.1253,339.35,6375.5,270.65,0.23413,-0.0090136,29.236,1.7708e-06
61,1.1294,334.51,6382.2,276.22,0.27754,-0.2358,22.568,1.3664e-05
62,1.1363,326.55,6515,274.49,0.28969,-0.010953,25.99,2.9124e-06
63,1.1316,326.26,6505.3,272.05,0.27908,-0.0067029,28.616,2.2174e-06
64,1.1352,325.97,6498.1,271.36,0.29836,0.0023515,28.843,2.2695e-06
65,1.1465,325.73,6493.2,270.98,0.31592,0.010317,28.857,2.3536e-06
66,1.1624,325.55,6490.4,270.75,0.33078,0.013989,28.844,2.4109e-06
67,1.1797,325.41,6489.1,270.62,0.34037,0.014849,28.805,2.431e-06
68,1.1963,325.3,6489.7,270.55,0.34431,0.013891,28.818,2.4216e-06
69,1.2115,325.21,6490.6,270.51,0.34494,0.012845,28.818,2.4044e-06
70,1.2255,325.13,6491.7,270.5,0.34426,0.011824,28.829,2.382e-06
71,1.2382,325.07,6492.3,270.5,0.34285,0.010732,28.845,2.3531e-06
72,1.2499,325.01,6493,270.51,0.34195,0.010029,28.891,2.3238e-06
73,1.2606,324.96,6493.6,270.52,0.34146,0.0092174,28.906,2.2984e-06
74,1.2697,324.94,6495.1,270.54,0.34002,0.0079104,28.946,2.2658e-06
75,1.2782,324.91,6496.9,270.56,0.33999,0.0077507,28.962,2.2428e-06
76,1.2863,324.82,6494.6,270.57,0.33362,-0.0012141,28.815,2.2261e-06
77,1.272,324.67,6441.9,270.57,0.30982,-0.031039,29.815,1.7241e-06
78,1.2367,324.66,6420.4,270.58,0.29833,-0.036514,30.064,1.6042e-06
79,1.2061,324.5,6408,270.6,0.28583,-0.030028,30.048,1.6098e-06
80,1.1831,324.32,6399.3,270.61,0.26838,-0.023206,29.94,1.6413e-06
81,1.1671,324.1,6393.9,270.62,0.25748,-0.016865,29.801,1.6791e-06
82,1.1566,323.9,6389.7,270.63,0.25143,-0.01256,29.648,1.7096e-06
83,1.1494,323.69,6385.9,270.64,0.24685,-0.010091,29.519,1.7308e-06
84,1.1443,323.49,6383.1,270.65,0.24413,-0.0088584,29.457,1.7375e-06
85,1.1401,323.3,6380.3,270.66,0.2414,-0.0082608,29.39,1.7391e-06
86,1.1364,323.1,6379.4,270.66,0.23894,-0.0079998,29.341,1.7381e-06
87,1.1329,322.9,6378.9,270.66,0.23684,-0.0079514,29.296,1.7441e-06
88,1.1296,322.7,6377.9,270.66,0.23499,-0.0080381,29.28,1.7465e-06
89,1.1264,322.5,6376.7,270.65,0.23365,-0.0079904,29.23,1.7559e-06
90,1.1235,322.28,6375.4,270.65,0.23309,-0.0079899,29.194,1.7694e-06
91,1.1277,318.53,6383,276.22,0.27734,-0.17865,22.557,1.3665e-05
92,1.1346,312.42,6516.9,274.48,0.2891,-0.0097428,25.991,2.906e-06
93,1.1297,312.17,6507.3,272.05,0.27769,-0.0062697,28.609,2.2101e-06
94,1.1331,311.92,6500.1,271.37,0.29687,0.002742,28.834,2.2606e-06
95,1.144,311.71,6495.3,270.98,0.31422,0.010694,28.85,2.3474e-06
96,1.1598,311.56,6492.9,270.75,0.32893,0.01433,28.854,2.4054e-06
97,1.1769,311.45,6491.5,270.62,0.33839,0.015331,28.805,2.4264e-06
98,1.1937,311.36,6491.8,270.55,0.34277,0.01472,28.81,2.4211e-06
99,1.2092,311.3,6492.5,270.51,0.34401,0.013674,28.825,2.4048e-06
100,1.2229,311.25,6494.8,270.48,0.34196,0.01196,26.706,2.3435e-06
106,1.289,310.97,6451.3,270.81,0.3272,-0.015687,54.763,2.4339e-06
107,1.2728,311.02,6441.9,270.57,0.31072,-0.031278,29.9,1.7101e-06
108,1.2374,311.03,6421.4,270.59,0.29924,-0.03575,30.129,1.6024e-06
109,1.2068,310.91,6409.1,270.6,0.286,-0.029294,30.119,1.6071e-06
110,1.1839,310.75,6400.6,270.61,0.27026,-0.022393,30.003,1.6406e-06
111,1.1678,310.58,6395.5,270.62,0.25877,-0.016302,29.864,1.6779e-06
112,1.1571,310.41,6391.5,270.64,0.25242,-0.011968,29.688,1.7111e-06
113,1.1499,310.23,6387.4,270.65,0.2486,-0.0095613,29.587,1.7318e-06
114,1.1446,310.06,6384.8,270.65,0.24526,-0.0084445,29.509,1.7371e-06
115,1.1403,309.89,6382.2,270.65,0.24227,-0.0078391,29.453,1.7381e-06
116,1.1364,309.73,6381.3,270.66,0.23964,-0.0075646,29.391,1.7376e-06
117,1.1328,309.56,6380.5,270.66,0.23727,-0.0076017,29.361,1.7432e-06
118,1.1293,309.39,6379.5,270.65,0.23554,-0.0074967,29.331,1.7477e-06
119,1.126,309.22,6378.4,270.65,0.23408,-0.0074366,29.287,1.7569e-06
120,1.123,309.04,6377.2,270.65,0.23339,-0.007299,28.986,1.8243e-06
121,1.1276,305.73,6389.2,276.53,0.28,-0.13988,21.614,1.3896e-05
122,1.1338,301.18,6518.9,274.26,0.287,-0.0088249,27.148,2.6355e-06
123,1.1293,300.96,6507.7,272.01,0.27926,-0.0047712,28.666,2.2238e-06
124,1.1332,300.74,6500.6,271.35,0.29835,0.0041141,28.856,2.2749e-06
125,1.1448,300.57,6495.8,270.97,0.31606,0.011897,28.89,2.3575e-06
126,1.1609,300.46,6493,270.75,0.33076,0.015406,28.881,2.4146e-06
127,1.1783,300.37,6491.8,270.62,0.34002,0.016048,28.847,2.4313e-06
128,1.195,300.32,6492.2,270.55,0.34372,0.015201,28.847,2.4212e-06
129,1.2104,300.28,6492.8,270.51,0.34481,0.014152,28.868,2.4042e-06
130,1.2242,300.27,6494,270.5,0.3436,0.012649,28.884,2.3785e-06
131,1.2367,300.25,6494.9,270.5,0.34276,0.011805,28.903,2.3502e-06
132,1.2483,300.25,6495.5,270.51,0.3417,0.010963,28.925,2.3206e-06
133,1.259,300.26,6496.2,270.52,0.34115,0.010464,28.965,2.2979e-06
134,1.2685,300.28,6497.5,270.54,0.34,0.0093173,29.002,2.2664e-06
135,1.2771,300.31,6499.6,270.56,0.33989,0.0089557,29.021,2.2405e-06
136,1.2851,300.27,6495.9,270.57,0.33275,-0.0012619,28.859,2.2169e-06
137,1.2694,300.19,6442.9,270.57,0.30974,-0.030588,29.887,1.7115e-06
138,1.2342,300.22,6422,270.59,0.29826,-0.035213,30.127,1.6043e-06
139,1.2039,300.11,6409.8,270.6,0.28536,-0.028802,30.11,1.6079e-06
140,1.1811,299.97,6401.3,270.61,0.26803,-0.021953,29.976,1.6399e-06
141,1.1654,299.81,6396,270.63,0.25699,-0.015631,29.855,1.6781e-06
142,1.155,299.65,6391.8,270.64,0.25118,-0.01144,29.697,1.7093e-06
143,1.148,299.49,6387.9,270.65,0.24667,-0.0090153,29.563,1.731e-06
144,1.143,299.34,6385.3,270.65,0.24397,-0.007782,29.481,1.7354e-06
145,1.1389,299.2,6382.8,270.66,0.24114,-0.0072062,29.431,1.7367e-06
146,1.1351,299.05,6381.8,270.66,0.23844,-0.006984,29.384,1.7357e-06
147,1.1317,298.91,6381.4,270.66,0.23632,-0.0069502,29.345,1.741e-06
148,1.1284,298.76,6380.4,270.66,0.23453,-0.0069481,29.308,1.7447e-06
149,1.1253,298.6,6379,270.65,0.23335,-0.0067961,29.283,1.7564e-06
150,1.1225,298.45,6377.8,270.65,0.23277,-0.00663,28.992,1.8231e-06
151,1.1273,295.71,6390.8,276.53,0.28009,-0.11235,21.617,1.3895e-05
152,1.1335,292,6520.9,274.25,0.28605,-0.0083746,27.16,2.624e-06
153,1.1288,291.8,6509.9,272.02,0.27802,-0.0046483,28.692,2.2145e-06
154,1.1326,291.6,6502.8,271.35,0.2969,0.0040724,28.899,2.2645e-06
155,1.1439,291.44,6498.1,270.98,0.31455,0.012,28.913,2.352e-06
156,1.1598,291.34,6495.5,270.75,0.32913,0.015458,28.898,2.4072e-06
157,1.177,291.28,6494.2,270.62,0.33845,0.016249,28.87,2.4251e-06
158,1.1936,291.24,6494.4,270.55,0.34242,0.015508,28.879,2.4176e-06
159,1.209,291.22,6495,270.51,0.3435,0.0144,28.884,2.4001e-06
160,1.2231,291.21,6495.9,270.5,0.34261,0.013346,28.88,2.3782e-06
161,1.2361,291.22,6496.4,270.5,0.34196,0.012658,28.903,2.3525e-06
162,1.2481,291.24,6496.6,270.51,0.34143,0.011902,28.933,2.3246e-06
163,1.2591,291.26,6497.3,270.52,0.3404,0.011047,28.957,2.3005e-06
164,1.2692,291.3,6498.7,270.54,0.33939,0.010358,28.977,2.2724e-06
165,1.2792,291.34,6499.2,270.58,0.34042,0.010799,30.958,2.2826e-06
166,1.2875,291.32,6499.7,270.55,0.33387,0.0007961,26.843,2.1996e-06
167,1.2721,291.26,6444.3,270.57,0.31007,-0.0303,29.909,1.7089e-06
168,1.2368,291.3,6423.8,270.59,0.29905,-0.034868,30.134,1.6016e-06
169,1.2063,291.22,6411.4,270.6,0.28601,-0.028478,30.123,1.6067e-06
170,1.1833,291.11,6402.7,270.61,0.26989,-0.021565,30.013,1.6393e-06
171,1.1673,290.98,6397.6,270.62,0.25882,-0.015468,29.872,1.6763e-06
172,1.1566,290.84,6393.6,270.64,0.25243,-0.011203,29.693,1.7077e-06
173,1.1494,290.71,6389.5,270.65,0.24831,-0.0088344,29.591,1.7297e-06
174,1.1441,290.57,6386.8,270.65,0.24494,-0.0076187,29.518,1.7349e-06
175,1.1398,290.45,6384.3,270.66,0.2419,-0.0070325,29.455,1.7354e-06
176,1.1359,290.32,6383.3,270.66,0.23931,-0.0068836,29.395,1.7347e-06
177,1.1323,290.19,6382.8,270.66,0.23693,-0.0067494,29.365,1.7394e-06
178,1.1288,290.06,6381.6,270.66,0.23517,-0.0066079,29.341,1.7438e-06
179,1.1257,289.93,6380.2,270.65,0.23399,-0.0065071,29.302,1.7555e-06
180,1.1228,289.79,6379.3,270.65,0.23349,-0.006332,28.993,1.8209e-06
181,1.1274,287.46,6392.1,276.53,0.27983,-0.092955,21.625,1.3894e-05
182,1.1335,284.36,6522,274.26,0.28667,-0.0076222,27.16,2.6333e-06
183,1.1289,284.19,6510.7,272.02,0.27871,-0.0041582,28.682,2.2201e-06
184,1.1328,284.01,6503.7,271.35,0.2981,0.0048455,28.857,2.276e-06
185,1.1444,283.87,6498.9,270.97,0.31549,0.012545,28.894,2.3602e-06
186,1.1605,283.79,6496.1,270.75,0.33042,0.016089,28.887,2.4157e-06
187,1.1776,283.74,6495.1,270.62,0.33925,0.016363,28.854,2.4292e-06
188,1.1943,283.72,6495.6,270.55,0.34328,0.016023,28.838,2.4242e-06
189,1.2097,283.71,6495.9,270.51,0.34407,0.014652,28.87,2.4059e-06
190,1.2238,283.72,6496.9,270.5,0.34353,0.01365,28.885,2.3833e-06
191,1.2366,283.74,6497.8,270.5,0.34225,0.01248,28.906,2.3527e-06
192,1.2483,283.77,6498.3,270.51,0.34213,0.011863,28.927,2.3241e-06
193,1.2589,283.81,6499.2,270.52,0.34096,0.010658,28.974,2.2945e-06
194,1.2682,283.86,6500.6,270.54,0.34019,0.010006,29.012,2.2679e-06
195,1.2768,283.93,6502.3,270.56,0.33965,0.0093465,29.034,2.2395e-06
196,1.2846,283.9,6498.9,270.57,0.33219,-0.00067561,28.872,2.2145e-06
197,1.2691,283.86,6445.8,270.57,0.30919,-0.030027,29.9,1.7097e-06
198,1.2339,283.91,6425,270.59,0.2984,-0.03455,30.135,1.6019e-06
199,1.2036,283.84,6412.6,270.6,0.28506,-0.028123,30.113,1.6076e-06
200,1.1809,283.73,6404.1,270.61,0.2677,-0.021267,29.974,1.6403e-06
201,1.1652,283.6,6399.1,270.63,0.25684,-0.015063,29.854,1.6769e-06
202,1.1548,283.47,6394.7,270.64,0.25073,-0.010806,29.698,1.7101e-06
203,1.1478,283.34,6390.7,270.65,0.24625,-0.0083478,29.567,1.7313e-06
204,1.1428,283.22,6388.1,270.65,0.24362,-0.007129,29.483,1.7367e-06
205,1.1387,283.11,6385.6,270.66,0.24088,-0.0065533,29.436,1.7381e-06
206,1.135,283,6384.5,270.66,0.23842,-0.0063629,29.39,1.7371e-06
207,1.1316,282.88,6384,270.66,0.23635,-0.0061953,29.351,1.743e-06
208,1.1284,282.77,6383,270.66,0.23461,-0.0062241,29.316,1.7465e-06
209,1.1253,282.65,6381.6,270.65,0.23332,-0.0061234,29.288,1.7561e-06
210,1.1225,282.53,6380.3,270.65,0.23282,-0.0058934,28.995,1.8237e-06
211,1.1272,280.5,6392.9,276.53,0.27985,-0.078246,21.614,1.3897e-05
212,1.1334,277.84,6523.3,274.25,0.28587,-0.0075363,27.167,2.6234e-06
213,1.1287,277.68,6512.2,272.02,0.27786,-0.0041134,28.69,2.2133e-06
214,1.1325,277.51,6505,271.35,0.29703,0.0047578,28.891,2.2658e-06
215,1.1438,277.38,6500.3,270.98,0.3146,0.012568,28.911,2.3504e-06
216,1.1597,277.31,6497.7,270.75,0.32907,0.015942,28.891,2.4054e-06
217,1.1768,277.27,6496.3,270.62,0.33824,0.016726,28.864,2.4234e-06
218,1.1935,277.25,6496.6,270.55,0.34245,0.016107,28.869,2.4167e-06
219,1.2089,277.26,6497.2,270.51,0.34345,0.014923,28.882,2.3993e-06
220,1.223,277.28,6498.1,270.5,0.34252,0.013816,28.895,2.3771e-06
221,1.236,277.3,6498.5,270.5,0.34206,0.013141,28.913,2.3518e-06
222,1.2481,277.34,6499,270.51,0.34106,0.012282,28.947,2.3232e-06
223,1.2592,277.39,6499.6,270.52,0.3403,0.011567,28.964,2.2999e-06
224,1.2697,277.45,6499.7,270.56,0.34072,0.011624,30.943,2.3053e-06
225,1.2786,277.52,6503.9,270.55,0.33791,0.0098248,27.014,2.2068e-06
226,1.2875,277.52,6498.7,270.57,0.33326,0.00015672,28.881,2.2203e-06
227,1.2721,277.49,6446.3,270.57,0.31075,-0.029755,29.911,1.7092e-06
228,1.2368,277.55,6425.8,270.59,0.29924,-0.034354,30.14,1.6011e-06
229,1.2063,277.5,6413.5,270.6,0.28615,-0.027991,30.125,1.6055e-06
230,1.1834,277.41,6405,270.61,0.27024,-0.021137,30.016,1.6385e-06
231,1.1674,277.3,6399.8,270.62,0.25884,-0.014899,29.878,1.6765e-06
232,1.1568,277.19,6395.7,270.64,0.25269,-0.010659,29.703,1.7091e-06
233,1.1497,277.08,6391.5,270.65,0.2491,-0.0082329,29.596,1.7306e-06
234,1.1444,276.97,6388.9,270.65,0.2455,-0.007134,29.524,1.7352e-06
235,1.1401,276.87,6386.5,270.66,0.24256,-0.0064691,29.463,1.7358e-06
236,1.1362,276.77,6385.3,270.66,0.23998,-0.0062987,29.403,1.7356e-06
237,1.1325,276.67,6384.7,270.66,0.23752,-0.0063124,29.38,1.7395e-06
238,1.1291,276.56,6383.6,270.66,0.23567,-0.0061497,29.353,1.7446e-06
239,1.1259,276.45,6382.2,270.65,0.23425,-0.0059647,29.31,1.7556e-06
240,1.123,276.34,6381.1,270.65,0.2338,-0.005749,28.997,1.823e-06
241,1.1276,274.54,6393.9,276.53,0.27983,-0.067629,21.623,1.3895e-05
242,1.1337,272.23,6523.8,274.26,0.28663,-0.0070528,27.168,2.634e-06
243,1.1292,272.08,6512.3,272.02,0.27881,-0.0035297,28.679,2.2242e-06
244,1.1331,271.92,6505.2,271.35,0.29771,0.0051248,28.871,2.2726e-06
245,1.1446,271.8,6500.2,270.98,0.31517,0.012907,28.904,2.356e-06
246,1.1606,271.74,6497.3,270.75,0.32992,0.01634,28.896,2.4107e-06
247,1.1779,271.71,6496,270.62,0.33911,0.017016,28.861,2.428e-06
248,1.1945,271.71,6496.4,270.55,0.34315,0.016204,28.862,2.4187e-06
249,1.2098,271.72,6496.9,270.51,0.34387,0.014947,28.885,2.4013e-06
250,1.2237,271.75,6497.9,270.5,0.34316,0.0139,28.898,2.3789e-06
251,1.2364,271.79,6498.6,270.5,0.3422,0.012889,28.914,2.3501e-06
252,1.248,271.84,6499.1,270.51,0.34148,0.01196,28.935,2.3202e-06
253,1.2586,271.9,6499.8,270.53,0.34068,0.011256,28.971,2.2955e-06
254,1.268,271.97,6501.3,270.54,0.33947,0.010221,29.012,2.2644e-06
255,1.2766,272.05,6503.1,270.56,0.3391,0.0097816,29.027,2.2383e-06
256,1.2844,272.05,6499.4,270.57,0.33207,-0.00032829,28.864,2.2152e-06
257,1.2689,272.02,6446.4,270.57,0.30943,-0.029495,29.894,1.7112e-06
258,1.2338,272.09,6425.5,270.59,0.29803,-0.034147,30.132,1.6028e-06
259,1.2036,272.04,6413.2,270.6,0.28509,-0.027669,30.11,1.6076e-06
260,1.1808,271.95,6404.7,270.61,0.26794,-0.020879,29.975,1.6395e-06
261,1.1651,271.84,6399.5,270.63,0.2567,-0.014669,29.855,1.6764e-06
262,1.1548,271.73,6395.3,270.64,0.2509,-0.010406,29.701,1.7084e-06
263,1.1478,271.62,6391.2,270.65,0.24645,-0.0079501,29.563,1.7309e-06
264,1.1427,271.52,6388.6,270.65,0.24383,-0.0067178,29.483,1.7352e-06
265,1.1387,271.43,6386.2,270.66,0.2411,-0.0061484,29.439,1.7361e-06
266,1.135,271.34,6384.9,270.66,0.23851,-0.0059355,29.387,1.7366e-06
267,1.1315,271.24,6384.4,270.66,0.2363,-0.0058973,29.348,1.7406e-06
268,1.1282,271.15,6383.5,270.66,0.23447,-0.0058631,29.31,1.7437e-06
269,1.1252,271.05,6382.1,270.65,0.23332,-0.0056292,29.288,1.7554e-06
270,1.1224,270.95,6380.8,270.65,0.23296,-0.005391,28.997,1.8231e-06
271,1.1272,269.32,6394.7,276.53,0.2799,-0.059046,21.619,1.3894e-05
272,1.1333,267.27,6525,274.25,0.28598,-0.0071354,27.161,2.6245e-06
273,1.1285,267.12,6513.8,272.02,0.27778,-0.0037754,28.694,2.2139e-06
274,1.1321,266.97,6506.7,271.35,0.29682,0.0049778,28.888,2.2651e-06
275,1.1434,266.86,6502.1,270.98,0.31445,0.012916,28.904,2.3518e-06
276,1.1594,266.8,6499.6,270.75,0.32917,0.016387,28.889,2.4082e-06
277,1.1766,266.78,6498.2,270.62,0.33866,0.017275,28.865,2.428e-06
278,1.1934,266.78,6498.3,270.55,0.3428,0.016436,28.872,2.4205e-06
279,1.2089,266.8,6498.8,270.51,0.34381,0.015295,28.882,2.4033e-06
280,1.2231,266.84,6499.8,270.5,0.34291,0.014207,28.883,2.3816e-06
281,1.2361,266.88,6500.2,270.5,0.34207,0.013464,28.912,2.3549e-06
282,1.2482,266.94,6500.6,270.51,0.34151,0.012716,28.943,2.3264e-06
283,1.2597,267,6499.8,270.54,0.34176,0.012556,30.923,2.3342e-06
284,1.2691,267.08,6503.6,270.53,0.33825,0.010308,26.979,2.2327e-06
285,1.279,267.16,6504.2,270.56,0.33977,0.010955,29.022,2.2485e-06
286,1.2877,267.17,6500.2,270.57,0.33339,0.000473,28.889,2.2197e-06
287,1.2722,267.15,6448,270.57,0.31059,-0.029467,29.922,1.7089e-06
288,1.2369,267.23,6427.2,270.59,0.29933,-0.034124,30.15,1.6018e-06
289,1.2064,267.19,6415.1,270.6,0.2864,-0.027674,30.135,1.6052e-06
290,1.1834,267.12,6406.4,270.61,0.26992,-0.020877,30.015,1.639e-06
291,1.1673,267.03,6401,270.62,0.25882,-0.014635,29.878,1.6773e-06
292,1.1567,266.94,6397,270.64,0.25246,-0.010384,29.704,1.7092e-06
293,1.1495,266.84,6393,270.65,0.24832,-0.0079382,29.592,1.7298e-06
294,1.1443,266.75,6390.3,270.65,0.24511,-0.0068227,29.52,1.7353e-06
295,1.14,266.66,6387.9,270.66,0.24197,-0.0061728,29.458,1.7363e-06
296,1.1361,266.58,6386.8,270.66,0.23921,-0.0059647,29.4,1.736e-06
297,1.1325,266.49,6385.9,270.66,0.23707,-0.0058672,29.373,1.7418e-06
298,1.1291,266.4,6384.9,270.66,0.23528,-0.0057226,29.348,1.7453e-06
299,1.126,266.31,6383.7,270.65,0.23398,-0.005579,29.303,1.7557e-06
300,1.1233,266.23,6384.5,270.61,0.23095,-0.0068097,24.944,1.664e-06
