year,lai,gpp,bwood,tot_soil_C,soil_T,water_soil,runf,evap_land,sens,snow,precip
1981.000000,1.114833,1.047757,1.036968,1.056077,1.002560,0.990705,0.986156,1.011123,1.014172,0.887245,1.000000
1982.000000,1.068340,1.031413,1.047013,1.053036,1.001408,0.990472,0.969458,1.011421,0.992476,0.942109,1.000000
1983.000000,1.043578,1.025699,1.051583,1.047778,1.001026,0.990500,0.972292,1.011376,0.989323,0.957705,1.000000
1984.000000,1.026870,1.020408,1.056572,1.043919,1.000761,0.990910,0.970912,1.011159,0.990470,0.965472,1.000000
1985.000000,1.015963,1.019291,1.059669,1.041955,1.000535,0.991216,0.971523,1.010979,0.990453,0.977360,1.000000
1986.000000,1.013920,1.018166,1.062783,1.040581,1.000414,0.991444,0.975542,1.010473,0.989897,0.980483,1.000000
1987.000000,1.013409,1.017981,1.066104,1.039146,1.000323,0.991596,0.972151,1.009925,0.991045,0.982459,1.000000
1988.000000,1.013484,1.018112,1.068701,1.038027,1.000260,0.991658,0.977226,1.010207,0.989887,0.984218,1.000000
1989.000000,1.012435,1.015808,1.070326,1.037494,1.000221,0.991705,0.978324,1.008988,0.991328,0.983060,1.000000
1990.000000,1.008424,1.014703,1.071732,1.037022,1.000183,0.991800,0.978552,1.009079,0.990383,0.985270,1.000000
1991.000000,1.005441,1.012485,1.073090,1.036432,1.000162,0.991970,0.978824,1.007390,0.993665,0.983800,1.000000
1992.000000,1.003548,1.013038,1.074422,1.035905,1.000126,0.992079,0.977920,1.008203,0.992506,0.983660,1.000000
1993.000000,1.003290,1.013021,1.076087,1.035279,1.000106,0.992042,0.980615,1.008278,0.990194,0.985882,1.000000
1994.000000,1.002107,1.011652,1.077308,1.034799,1.000084,0.992067,0.980961,1.008111,0.991552,0.985001,1.000000
1995.000000,1.000229,1.010371,1.078052,1.034411,1.000079,0.992095,0.982067,1.006962,0.992334,0.983288,1.000000
1996.000000,1.000291,1.010622,1.078536,1.034095,1.000062,0.992158,0.982756,1.006856,0.993659,0.985820,1.000000
1997.000000,0.998714,1.008566,1.078436,1.033866,1.000050,0.992292,0.982527,1.006132,0.993340,0.985918,1.000000
1998.000000,0.999796,1.009220,1.078773,1.033386,1.000051,0.992452,0.983146,1.006359,0.993510,0.982938,1.000000
1999.000000,0.997961,1.007781,1.079969,1.032727,1.000044,0.992567,0.984595,1.005827,0.993479,0.982050,1.000000
2000.000000,0.995769,1.006895,1.079438,1.032547,1.000036,0.992704,0.985004,1.005866,0.993233,0.983470,1.000000
2001.000000,0.994571,1.006897,1.079214,1.032189,1.000031,0.992788,0.985472,1.005511,0.994234,0.983180,1.000000
2002.000000,0.993653,1.007290,1.079030,1.031915,1.000031,0.992775,0.984355,1.005724,0.994022,0.984482,1.000000
2003.000000,0.994145,1.007240,1.079176,1.031558,1.000033,0.992896,0.985019,1.005600,0.993917,0.986513,1.000000
2004.000000,0.993124,1.006216,1.079050,1.031269,1.000032,0.992934,0.985274,1.005294,0.994248,0.988114,1.000000
2005.000000,0.992794,1.005955,1.078717,1.031066,1.000034,0.992974,0.984493,1.005174,0.994771,0.989138,1.000000
2006.000000,0.994694,1.006066,1.078575,1.030765,1.000034,0.993064,0.987107,1.004851,0.995122,0.989347,1.000000
2007.000000,0.994414,1.005451,1.077932,1.030585,1.000034,0.993169,0.985071,1.004686,0.995068,0.988947,1.000000
2008.000000,0.993226,1.004498,1.077434,1.030303,1.000038,0.993370,0.987315,1.004604,0.994729,0.989872,1.000000
2009.000000,0.992620,1.004415,1.076935,1.029994,1.000032,0.993452,0.988294,1.004205,0.996029,0.990622,1.000000
2010.000000,0.994221,1.004539,1.076387,1.029601,1.000023,0.993560,0.987463,1.004306,0.995219,0.990668,1.000000
