spinup_year,soilT_2m
1,276.4699
2,274.3147
3,272.0092
4,271.3399
5,270.9632
6,270.7365
7,270.6080
8,270.5386
9,270.5060
10,270.4934
11,270.4946
12,270.5056
13,270.5202
14,270.5378
15,270.5584
16,270.5654
17,270.5688
18,270.5823
19,270.5939
20,270.6069
21,270.6199
22,270.6330
23,270.6426
24,270.6488
25,270.6539
26,270.6558
27,270.6557
28,270.6540
29,270.6509
30,270.6465
31,276.4576
32,274.3077
33,272.0173
34,271.3501
35,270.9724
36,270.7449
37,270.6165
38,270.5462
39,270.5114
40,270.4778
41,270.4991
42,270.5085
43,270.5221
44,270.5395
45,270.5591
46,270.5662
47,270.5689
48,270.5828
49,270.5944
50,270.6072
51,270.6198
52,270.6331
53,270.6428
54,270.6487
55,270.6531
56,270.6549
57,270.6551
58,270.6534
59,270.6497
60,270.6451
61,276.2239
62,274.4896
63,272.0466
64,271.3647
65,270.9819
66,270.7514
67,270.6199
68,270.5476
69,270.5118
70,270.4984
71,270.4980
72,270.5086
73,270.5228
74,270.5402
75,270.5596
76,270.5668
77,270.5697
78,270.5836
79,270.5954
80,270.6090
81,270.6223
82,270.6344
83,270.6443
84,270.6508
85,270.6552
86,270.6573
87,270.6574
88,270.6557
89,270.6524
90,270.6479
91,276.2229
92,274.4836
93,272.0486
94,271.3681
95,270.9849
96,270.7532
97,270.6212
98,270.5489
99,270.5126
100,270.4829
106,270.8131
107,270.5712
108,270.5858
109,270.5975
110,270.6105
111,270.6230
112,270.6359
113,270.6452
114,270.6510
115,270.6550
116,270.6570
117,270.6569
118,270.6546
119,270.6504
120,270.6464
121,276.5326
122,274.2569
123,272.0148
124,271.3498
125,270.9737
126,270.7469
127,270.6179
128,270.5471
129,270.5120
130,270.4992
131,270.4990
132,270.5099
133,270.5241
134,270.5418
135,270.5616
136,270.5680
137,270.5726
138,270.5868
139,270.5988
140,270.6121
141,270.6256
142,270.6382
143,270.6478
144,270.6540
145,270.6583
146,270.6603
147,270.6601
148,270.6581
149,270.6540
150,270.6488
151,276.5322
152,274.2483
153,272.0157
154,271.3525
155,270.9761
156,270.7484
157,270.6191
158,270.5484
159,270.5135
160,270.5003
161,270.5001
162,270.5107
163,270.5245
164,270.5419
165,270.5814
166,270.5536
167,270.5724
168,270.5865
169,270.5990
170,270.6121
171,270.6245
172,270.6374
173,270.6466
174,270.6525
175,270.6565
176,270.6586
177,270.6588
178,270.6569
179,270.6526
180,270.6474
181,276.5300
182,274.2589
183,272.0174
184,271.3511
185,270.9744
186,270.7474
187,270.6187
188,270.5475
189,270.5127
190,270.4994
191,270.4994
192,270.5098
193,270.5243
194,270.5415
195,270.5613
196,270.5679
197,270.5725
198,270.5866
199,270.5982
200,270.6116
201,270.6251
202,270.6376
203,270.6470
204,270.6534
205,270.6577
206,270.6599
207,270.6596
208,270.6577
209,270.6537
210,270.6483
211,276.5299
212,274.2498
213,272.0168
214,271.3530
215,270.9757
216,270.7484
217,270.6197
218,270.5490
219,270.5142
220,270.5010
221,270.5002
222,270.5103
223,270.5242
224,270.5611
225,270.5452
226,270.5678
227,270.5727
228,270.5867
229,270.5986
230,270.6120
231,270.6245
232,270.6372
233,270.6466
234,270.6531
235,270.6569
236,270.6589
237,270.6584
238,270.6566
239,270.6525
240,270.6471
241,276.5281
242,274.2603
243,272.0186
244,271.3518
245,270.9752
246,270.7486
247,270.6200
248,270.5489
249,270.5143
250,270.5008
251,270.5006
252,270.5112
253,270.5257
254,270.5428
255,270.5623
256,270.5690
257,270.5735
258,270.5876
259,270.5994
260,270.6129
261,270.6264
262,270.6387
263,270.6480
264,270.6543
265,270.6581
266,270.6606
267,270.6604
268,270.6588
269,270.6546
270,270.6485
271,276.5279
272,274.2516
273,272.0185
274,271.3539
275,270.9770
276,270.7493
277,270.6198
278,270.5484
279,270.5135
280,270.5002
281,270.4999
282,270.5103
283,270.5240
284,270.5065
