spinup_year,date,soilT_2m
2,19820101,278.832
3,19830101,272.835
4,19840101,271.888
5,19850101,271.402
6,19860101,271.113
7,19870101,270.942
8,19880101,270.849
9,19890101,270.803
10,19900101,270.783
11,19910101,270.779
12,19920101,270.788
13,19930101,270.803
14,19940101,270.819
15,19950101,270.84
16,19960101,270.861
17,19970101,270.858
18,19980101,270.879
19,19990101,270.891
20,20000101,270.905
21,20010101,270.921
22,20020101,270.935
23,20030101,270.95
24,20040101,270.958
25,20050101,270.965
26,20060101,270.97
27,20070101,270.974
28,20080101,270.975
29,20090101,270.975
30,20100101,270.972
31,20110101,270.968
32,20120101,278.818
33,20130101,272.842
34,20140101,271.9
35,20150101,271.414
36,20160101,271.124
37,20170101,270.952
38,20180101,270.859
39,20190101,270.81
40,20200101,270.79
41,20211221,270.751
42,20221221,270.765
43,20231221,270.781
44,20241221,270.801
45,20251221,270.821
46,20261221,270.816
47,20271221,270.837
48,20281221,270.849
49,20291221,270.863
50,20301221,270.878
51,20311221,270.891
52,20321221,270.906
53,20331221,270.913
54,20341221,270.92
55,20351221,270.924
56,20361221,270.928
57,20371221,270.928
58,20381221,270.928
59,20391221,270.925
60,20401221,270.922
61,20411221,279.011
62,20421221,272.846
63,20431221,271.877
64,20441221,271.384
65,20451221,271.091
66,20461221,270.916
67,20471221,270.821
68,20481221,270.771
69,20491221,270.75
70,20501221,270.744
71,20511221,270.751
72,20521221,270.766
73,20531221,270.782
74,20541221,270.802
75,20551221,270.821
76,20561221,270.817
77,20571221,270.838
78,20581221,270.851
79,20591221,270.865
80,20601221,270.881
81,20611221,270.894
82,20621221,270.907
83,20631221,270.916
84,20641221,270.923
85,20651221,270.928
86,20661221,270.931
87,20671221,270.932
88,20681221,270.932
89,20691221,270.929
90,20701221,270.926
91,20711221,279.01
92,20721221,272.847
93,20731221,271.879
94,20741221,271.387
95,20751221,271.094
96,20761221,270.918
97,20771221,270.823
98,20781221,270.772
99,20791221,270.751
101,20811205,270.675
102,20821205,270.688
103,20831205,270.703
104,20841205,270.724
105,20851205,270.744
106,20861205,270.736
107,20871205,270.758
108,20881205,270.771
109,20891205,270.785
110,20901205,270.799
111,20911205,270.812
112,20921205,270.826
113,20931205,270.833
114,20941205,270.838
115,20951205,270.843
116,20961205,270.847
117,20971205,270.847
118,20981205,270.846
119,20991205,270.842
120,21001205,270.84
121,21011205,279.311
122,21021205,272.841
123,21031205,271.831
124,21041205,271.326
125,21051205,271.027
126,21061205,270.848
127,21071205,270.75
128,21081205,270.698
129,21091205,270.676
130,21101205,270.669
131,21111205,270.675
132,21121205,270.69
133,21131205,270.705
134,21141205,270.726
135,21151205,270.745
136,21161205,270.738
137,21171205,270.761
138,21181205,270.774
139,21191205,270.787
140,21201205,270.802
141,21211205,270.816
142,21221205,270.829
143,21231205,270.837
144,21241205,270.842
145,21251205,270.847
146,21261205,270.851
147,21271205,270.85
148,21281205,270.85
149,21291205,270.846
150,21301205,270.842
151,21311205,279.31
152,21321205,272.839
153,21331205,271.833
154,21341205,271.329
155,21351205,271.029
156,21361205,270.85
157,21371205,270.752
158,21381205,270.7
159,21391205,270.678
160,21401205,270.672
161,21411205,270.677
162,21421205,270.691
163,21431205,270.706
164,21441205,270.726
165,21451205,270.746
166,21461205,270.738
167,21471205,270.76
168,21481205,270.774
169,21491205,270.787
170,21501205,270.802
171,21511205,270.815
172,21521205,270.829
173,21531205,270.835
174,21541205,270.841
175,21551205,270.845
176,21561205,270.849
177,21571205,270.849
178,21581205,270.849
179,21591205,270.844
180,21601205,270.842
181,21611205,279.309
182,21621205,272.844
183,21631205,271.833
184,21641205,271.328
185,21651205,271.028
186,21661205,270.849
187,21671205,270.751
188,21681205,270.699
189,21691205,270.677
190,21701205,270.67
191,21711205,270.676
192,21721205,270.69
193,21731205,270.706
194,21741205,270.726
195,21751205,270.746
196,21761205,270.738
197,21771205,270.761
198,21781205,270.773
199,21791205,270.787
200,21801205,270.802
201,21811205,270.816
202,21821205,270.828
203,21831205,270.836
204,21841205,270.842
205,21851205,270.847
206,21861205,270.851
207,21871205,270.85
208,21881205,270.85
209,21891205,270.846
210,21901205,270.842
211,21911205,279.309
212,21921205,272.842
213,21931205,271.834
214,21941205,271.329
215,21951205,271.029
216,21961205,270.85
217,21971205,270.753
218,21981205,270.7
219,21991205,270.678
220,22001205,270.671
221,22011205,270.677
222,22021205,270.69
223,22031205,270.706
224,22041205,270.726
225,22051205,270.745
226,22061205,270.738
227,22071205,270.761
228,22081205,270.773
229,22091205,270.787
230,22101205,270.801
231,22111205,270.815
232,22121205,270.828
233,22131205,270.835
234,22141205,270.841
235,22151205,270.846
236,22161205,270.85
237,22171205,270.849
238,22181205,270.849
239,22191205,270.844
240,22201205,270.841
241,22211205,279.309
242,22221205,272.845
243,22231205,271.834
244,22241205,271.328
245,22251205,271.029
246,22261205,270.85
247,22271205,270.752
248,22281205,270.7
249,22291205,270.678
250,22301205,270.671
251,22311205,270.677
252,22321205,270.692
253,22331205,270.707
254,22341205,270.727
255,22351205,270.747
256,22361205,270.74
257,22371205,270.762
258,22381205,270.775
259,22391205,270.788
260,22401205,270.803
261,22411205,270.817
262,22421205,270.83
263,22431205,270.837
264,22441205,270.843
265,22451205,270.848
266,22461205,270.851
267,22471205,270.851
268,22481205,270.852
269,22491205,270.846
270,22501205,270.843
271,22511205,279.309
272,22521205,272.844
273,22531205,271.835
274,22541205,271.33
275,22551205,271.031
276,22561205,270.851
277,22571205,270.753
278,22581205,270.7
279,22591205,270.678
280,22601205,270.671
281,22611205,270.677
282,22621205,270.691
283,22631205,270.706
284,22641205,270.727
285,22651205,270.746
286,22661205,270.739
287,22671205,270.761
288,22681205,270.774
289,22691205,270.788
290,22701205,270.802
291,22711205,270.815
292,22721205,270.828
