river,station,lat_mouth,lon_mouth,dist_deg,obs_m3s,model_m3s,ratio,r_season
Yenisey,1,1.459,19796.22,20063.75,1.0135,0.9894
Ob + Pur,2,0.559,14432.29,16250.82,1.1260,0.5491
Lena,1,1.126,17622.93,11616.04,0.6591,0.8266
Mackenzie,1,1.077,9111.94,5477.70,0.6012,0.6393
Pechora,1,0.605,5018.17,4653.81,0.9274,0.8567
Severnaya Dvina,1,0.135,3479.09,3198.02,0.9192,0.8446
Kolyma,1,1.143,3915.24,2832.23,0.7234,0.5241
Indigirka,1,0.223,1594.77,2493.87,1.5638,0.8604
Olenek,1,0.935,1267.51,1295.75,1.0223,0.7273
Yana,1,0.221,1148.45,854.39,0.7439,0.1677
