cum_year,cycle,model_year,btot,LAI,nep,sens,evap,soilC,colwater,soilT_deep
1,1,1981,3.8557281739203333,2.325981012623321,-15.63830748883712,19.470239671025926,2.2311887542312045e-05,816.5999011665872,5936.951201002453,278.4673055540848
2,1,1982,3.711096753057659,0.9348357859683026,-0.355862823759398,14.204182274845131,3.0063345177035893e-06,650.0948977250667,6095.6735673567355,273.9250719189566
3,1,1983,3.526037805986481,0.644034377013069,-0.21336552313319568,14.923567632498544,2.588506533771749e-06,645.3781966431937,6127.7430331268415,272.0648594271192
4,1,1984,3.398600406915692,0.529522535203888,-0.14766823362023704,15.237478711106405,2.4536806242631044e-06,642.7385679744444,6146.3770847673,271.35938299712325
5,1,1985,3.2990951668696282,0.4581203237511251,-0.10698673842568081,15.23607949030197,2.355882960268335e-06,641.3841795944301,6161.452992358059,270.96942341292953
6,1,1986,3.217636193766436,0.41518534608516,-0.08166597191658505,15.084867126418523,2.299233248289296e-06,640.8085102627911,6173.789096556714,270.74115352711743
7,1,1987,3.147928717504103,0.38977866651554854,-0.0657595085105937,14.99823566915515,2.2535464526994265e-06,640.7255254937259,6184.732214397911,270.6080372743157
8,1,1988,3.0867197703226203,0.37400336713358834,-0.05456006631511037,14.959640449339053,2.210077763369581e-06,640.910591059106,6194.490460810787,270.5334180476871
9,1,1989,3.0318851508312594,0.3611675189807584,-0.047006793108079196,14.959685122924057,2.1694577596974494e-06,641.3131254301901,6203.058611743528,270.4957731067224
10,1,1990,2.9819007865860114,0.3534538024114911,-0.04105469392010433,14.92868827323909,2.143936749917284e-06,641.8438432078502,6210.212174158592,270.47926263214555
11,1,1991,2.935782479902402,0.34806536145342476,-0.03660131207284331,14.89007375002206,2.113599575751858e-06,642.4674643934982,6216.7467570286435,270.4792714565574
12,1,1992,2.8928709506980113,0.3436333264530497,-0.03330161004668941,14.882681650517993,2.0876573249956725e-06,643.1419141914192,6221.987751716348,270.4862162686857
13,1,1993,2.852627634086938,0.3407941150273115,-0.030539745258705554,14.858117521310954,2.0644520557582513e-06,643.8401193060482,6225.976385873882,270.4928875240465
14,1,1994,2.8143116241771238,0.33827171205171985,-0.029584406266338948,14.845363212791867,2.035067029527072e-06,644.5701805474665,6230.549972644323,270.50210021002096
15,1,1995,2.7775063122121035,0.3365844310763797,-0.028677970479722602,14.843701189971938,2.0054058659306227e-06,645.3098427489808,6235.49771447733,270.5112158274651
16,1,1996,2.7418521723495872,0.3351266882202926,-0.03461514831113167,14.400496207709006,2.2141655825804465e-06,646.009777448333,6245.379643846737,270.5106687139302
17,1,1997,2.683764998742521,0.32031617109321225,-0.05753522560436191,15.714043279327932,1.6118712310758534e-06,646.5941123524117,6179.143043716136,270.48693104604575
18,1,1998,2.611203583593653,0.3170134108999135,-0.06297580082571676,16.01961225534318,1.5061721593618616e-06,647.2799103439755,6161.313496055488,270.49250807433685
19,1,1999,2.5437899028873474,0.30332378366513124,-0.05782117877458701,16.05627823811793,1.470664510272738e-06,647.8110516934047,6152.236776618839,270.49630257143366
20,1,2000,2.4834625696025485,0.28451135267478955,-0.05242589545029871,16.02791657842255,1.464821542244121e-06,648.2647323555885,6147.056070312913,270.50315031503146
21,1,2001,2.430332509353877,0.2712493560936976,-0.04609793254716097,15.962338513263091,1.4662197177702696e-06,648.6623956513298,6145.2540548172465,270.50938917421155
22,1,2002,2.3831982233149787,0.262642029942884,-0.04215007036089638,15.868542736626603,1.4740039972237232e-06,649.013024831895,6142.325056035016,270.5149662025026
23,1,2003,2.3403608053820086,0.25548765526828415,-0.0397984583183732,15.81003247383562,1.4739094530496142e-06,649.3119429590018,6140.431407846667,270.5173223204674
24,1,2004,2.3003432006803624,0.24996481438125429,-0.03855883635238524,15.797652375531671,1.4622680277057823e-06,649.5743456698611,6139.628456963343,270.5160780783961
25,1,2005,2.262138461088756,0.24501041556361516,-0.038501215916053926,15.77404872840225,1.4568515932860196e-06,649.7781013395456,6139.098992252166,270.5124512451245
26,1,2006,2.225514532151745,0.24115495763730785,-0.03977678938907218,15.732196197560933,1.4508874864251384e-06,649.9066906690668,6140.386650429748,270.5076419406646
27,1,2007,2.190360005669685,0.23823120765661124,-0.04102404223073961,15.710966868745698,1.4513933437795156e-06,649.923721783943,6142.118494202361,270.50225022502246
28,1,2008,2.156146106338575,0.2353508903280034,-0.04177776247868353,15.654700764194066,1.46066952109583e-06,649.842537194896,6142.979050846261,270.4947935970068
29,1,2009,2.123001132833872,0.23287901228082367,-0.04425437373700606,15.629362568609801,1.4697259062187882e-06,649.6403699193448,6143.013360159545,270.48424842484246
30,2,1981,2.120558011683521,0.5031291416136099,-6.93819519819629,28.157971863362807,1.529242311956577e-05,590.3843384338434,6316.842131271951,278.20613826088487
31,2,1982,2.1055096318455377,0.286055417926903,-0.053977210249747394,14.843240665978362,2.1723601606474077e-06,517.9390586117435,6495.386385697394,273.6341575334004
32,2,1983,2.0730022220972097,0.28600669407473833,-0.03328749874355542,15.236799231393727,2.004386853305786e-06,517.5848820176135,6474.374260955507,271.8585270291735
33,2,1984,2.050734646074902,0.30148265286087433,-0.02235298226082948,15.196841191472089,2.050211849072274e-06,517.4440973509116,6464.04419265456,271.20019060729607
34,2,1985,2.0359300406143555,0.31520139893125343,-0.01541145020263745,15.054334661407315,2.1056048730513696e-06,517.4154003635657,6459.156739203332,270.829635904767
35,2,1986,2.025428370042887,0.323993606851494,-0.011800395468516292,14.948540442279523,2.1426375236136905e-06,517.4743650835671,6456.552478777289,270.606457704594
36,2,1987,2.016331297651824,0.32934732754065843,-0.011030335462601867,14.877376524417146,2.143978039028091e-06,517.5955772047793,6455.633328038686,270.47372090150196
37,2,1988,2.0071144752342884,0.3308265885182268,-0.010663128520242307,14.860610969185153,2.132881787739691e-06,517.7584758475847,6456.568715695099,270.39828100457106
38,2,1989,1.9970658830588943,0.33034899307945503,-0.01171212118842284,14.832816829477066,2.117080287241081e-06,517.9500361800887,6457.750339739857,270.35953301212476
39,2,1990,1.986152153818323,0.3290731244539895,-0.012329580377327716,14.803922671678933,2.1060963318145577e-06,518.1664990028414,6458.7983974868075,270.3404281604631
40,2,1991,1.97441423829883,0.326965425747538,-0.012998933614208159,14.816987489190096,2.0850711670759393e-06,518.4069465770107,6460.071230652477,270.33373925627853
41,2,1992,1.9623771890056654,0.32428779412867753,-0.013526910983262848,14.8200222595789,2.0647910472476156e-06,518.6456469176329,6461.5629092321,270.33705723513526
42,2,1993,1.9498050218624803,0.32303249568982634,-0.013609884368491997,14.817470349976174,2.0520922130357764e-06,518.8850885088509,6462.3357865198295,270.3413282504721
43,2,1994,1.9359775821332132,0.3202325546203517,-0.014756980081768517,14.822570860027179,2.022637823728321e-06,519.158362895113,6463.572474894548,270.34919080143305
44,2,1995,1.9217419444150297,0.32011011590589206,-0.015008037669001275,14.820757443391399,2.0076467206497854e-06,519.4514216127495,6464.807610172782,270.35977127124477
45,2,1996,1.908281614006989,0.3188954666376564,-0.021979887484957134,14.577815869822276,2.0967223229745475e-06,519.6868922186337,6472.921127406858,270.3617302906761
46,2,1997,1.8668798865180634,0.2952327286956637,-0.05171171916709134,15.93666829918286,1.4714214882620312e-06,519.8757346322868,6402.8576975344595,270.3558973544413
47,2,1998,1.8086116745865766,0.28890014461004926,-0.05399794524776466,16.159058920597943,1.3911935243614814e-06,520.083902507898,6382.932457951677,270.364139355112
48,2,1999,1.7576034717442333,0.27437363738671666,-0.047304210904201636,16.12475953477701,1.3865109907369143e-06,520.1400257672826,6371.517198778701,270.3710312207691
49,2,2000,1.7145241753035598,0.2592244834547793,-0.04049426082314114,16.0124131898484,1.4106945094642988e-06,520.171087697005,6363.688604154533,270.37767600289436
50,2,2001,1.6781372990240202,0.24997873178862004,-0.034553711359761895,15.885433763964633,1.4406518303849998e-06,520.1996081961138,6358.701893718783,270.38336774853957
51,2,2002,1.6485309836130668,0.24118352494716386,-0.03088624238256776,15.766668762464482,1.4580216267508616e-06,520.1768412135331,6353.842960766665,270.38818587741133
52,2,2003,1.6235022629101146,0.23770210488420165,-0.028381049810805987,15.665060623709431,1.4771749088879108e-06,520.1180000352975,6349.808439667496,270.390065477136
53,2,2004,1.6009514094791832,0.23357770060094243,-0.026912529043000805,15.60887890259614,1.4766275323082553e-06,520.0394627698064,6347.325603148551,270.39022431654934
54,2,2005,1.5790944788412666,0.2297850562859595,-0.02677592731986893,15.538406598012742,1.4758563200952525e-06,519.9664142884876,6344.42018319479,270.388980074478
55,2,2006,1.5577654962187395,0.22820557274017847,-0.02709693792219296,15.489004231305485,1.4763446887498292e-06,519.8820352623497,6343.24759534777,270.3845855173752
56,2,2007,1.5361876376056722,0.2254551052531724,-0.027917295836890677,15.43775866557244,1.4792189499873272e-06,519.7698946365225,6342.444503273858,270.3796526711495
57,2,2008,1.5161933128055454,0.2236200153792953,-0.0276618117708485,15.374333205379363,1.4851797366251255e-06,519.5803815675686,6342.041404140415,270.3744286193325
58,2,2009,1.4971969738334128,0.2213727634252396,-0.029048555382594782,15.336897844196185,1.4912952916814585e-06,519.3333509821571,6340.9788037627295,270.3673073189672
59,3,1981,1.493199963378691,0.29892823553954656,-3.983586249249925,26.23459312843049,1.5166234129372841e-05,488.39125677273614,6374.642593671131,278.0222110446339
60,3,1982,1.488907335126895,0.28005315467208486,-0.036583642782361876,14.6282826812093,2.187987957593865e-06,445.5779107322497,6548.336668961013,273.5237906143556
61,3,1983,1.469811859402852,0.2776086547073825,-0.02217019833589517,14.947145633681016,2.0212713382521867e-06,445.1891600924798,6530.306065900707,271.76227034468155
62,3,1984,1.4618205271813947,0.2938406260203226,-0.012617415683003272,14.943351136584246,2.0633844561065258e-06,444.8853179435591,6519.698416900513,271.1108081396375
63,3,1985,1.461576752803957,0.30911971596975873,-0.006109348588703368,14.829366760205431,2.1273831695802646e-06,444.66604895783695,6513.053564179947,270.7356470941212
64,3,1986,1.4657158500776548,0.3187680641915294,-0.0033166527577691706,14.72712519413706,2.1639003637274157e-06,444.5233758669985,6509.464922962885,270.50975979950937
65,3,1987,1.4706295307839607,0.3245900819401793,-0.0036581665584125046,14.66960574733944,2.1656054462109634e-06,444.4435855350241,6506.908526146733,270.3778083690722
66,3,1988,1.4745142368097106,0.3258541444677556,-0.004343581366695953,14.679388435167047,2.1502107223501925e-06,444.402781454616,6506.848802527312,270.30251848714283
67,3,1989,1.4773466317219957,0.32367308422018676,-0.005939340678111498,14.687656081784647,2.130706285530309e-06,444.3842854873722,6507.1239829865335,270.26248213056596
68,3,1990,1.4791864181822592,0.3225641727775719,-0.006804026632665276,14.677837269021019,2.117211255248609e-06,444.37267256137375,6507.143608478495,270.24499214627343
69,3,1991,1.4805786415038564,0.3208928515783564,-0.007543428889972235,14.68868688339422,2.0946323576014076e-06,444.3561709112087,6507.473147314732,270.24037697887434
70,3,1992,1.4811472990129895,0.3187950803352394,-0.008210089197396303,14.710434094880076,2.0688746586510104e-06,444.3568592153333,6508.869239865163,270.2472335468841
71,3,1993,1.4812357154833131,0.31954617221832476,-0.008180500097236573,14.708141678138404,2.061626250053659e-06,444.3672896701435,6509.118864827659,270.2524664231129
72,3,1994,1.4798843740072538,0.3162287879753049,-0.009948385495862315,14.734969820511461,2.024241195615661e-06,444.3978044863309,6510.404687527575,270.2628615802757
73,3,1995,1.478054480539966,0.31582116736489824,-0.009990668776924798,14.734631735232346,2.0060250710987436e-06,444.42477188895356,6511.5658389368355,270.275021619809
74,3,1996,1.4764747384664936,0.31445406431727735,-0.017554158944444533,14.479896059458888,2.102212854253991e-06,444.3994634757593,6519.801203649776,270.27909849808515
75,3,1997,1.4505007371141527,0.2918793229276972,-0.04442315138568085,15.81052443479642,1.4844856785069188e-06,444.26067312613606,6449.16849331992,270.27306260037767
76,3,1998,1.4055730021531565,0.2849310982339042,-0.04731426224538814,16.03223226734438,1.4038382159256304e-06,444.23280563350454,6428.665219463123,270.2840048710753
77,3,1999,1.3664048505034325,0.2695444780001897,-0.04170284761702273,16.024918484495508,1.3921964618468398e-06,444.08179347346504,6416.697057941088,270.2931293129313
78,3,2000,1.335491694849632,0.2538328884588827,-0.03463362550064749,15.934177057411624,1.4149736524211015e-06,443.88128518734226,6408.217857079825,270.3022978768465
79,3,2001,1.31199993850488,0.24323559711210094,-0.02860598829155664,15.805823780907502,1.4467809293216292e-06,443.6551772824341,6402.841742997829,270.31131642576025
80,3,2002,1.293910997257814,0.23577740931262245,-0.02507690972595651,15.692839872222516,1.4625324949800198e-06,443.43199908226114,6398.192619261926,270.32070559997175
81,3,2003,1.279645715031062,0.23119119701492208,-0.022570014641629606,15.598670712659503,1.4746513749778011e-06,443.19816099256985,6394.181112228871,270.3258678809057
82,3,2004,1.2673306622941707,0.22754182012870405,-0.021308990353021976,15.539951973138491,1.4767649435209729e-06,442.97422389297753,6391.08339069201,270.32823282328235
83,3,2005,1.255940828457846,0.22487103949365525,-0.02103928457097778,15.487900076772382,1.4794473879100958e-06,442.75282822399885,6387.935122924057,270.3293535235876
84,3,2006,1.245367080366125,0.22280746284646846,-0.02054614946357917,15.450369853161787,1.4788729564433433e-06,442.5226610896384,6386.895113040716,270.32823282328235
85,3,2007,1.2355787049293163,0.22040119481847084,-0.02090266291966972,15.426462315349182,1.483752763916599e-06,442.2588729461181,6385.966643723196,270.32488837119007
86,3,2008,1.2260289677864844,0.21898960777281773,-0.020458784877798442,15.391807195425423,1.4889797155061937e-06,441.9775595206579,6384.929034079879,270.320873263797
87,3,2009,1.2165922589501597,0.2184238716265928,-0.020796300318795667,15.359261109934522,1.5045768414810083e-06,441.68123577063596,6383.221898660454,270.3157462805104
