lat,lm4_mjjas_trend,gimms_mjjas_trend
81.50000,0.00000,0.00925
80.50000,0.00000,0.00291
79.50000,0.00000,0.00731
78.50000,0.00000,0.00843
77.50000,0.00000,0.00413
76.50000,0.00000,-0.00005
75.50000,0.00000,-0.00809
74.50000,0.00000,-0.01063
73.50000,0.00000,-0.00296
72.50000,0.00017,0.00391
71.50000,0.00582,0.00179
70.50000,0.01679,0.01029
69.50000,0.06169,0.01345
68.50000,0.13184,0.02031
67.50000,0.18196,0.01289
66.50000,0.27850,0.00487
65.50000,0.19240,0.00970
64.50000,0.15433,0.01082
63.50000,0.15961,0.01254
62.50000,0.09075,0.01610
61.50000,0.10783,0.02319
60.50000,0.15540,0.01591
59.50000,0.08322,0.02466
58.50000,0.06880,0.02526
57.50000,0.14981,0.02084
56.50000,0.11999,0.02930
55.50000,0.11649,0.03215
54.50000,0.11300,0.03039
53.50000,0.13579,0.03302
52.50000,0.11242,0.01886
51.50000,0.11902,0.01796
50.50000,0.07217,0.01720
49.50000,0.06797,0.00945
48.50000,0.04318,0.00856
47.50000,0.03909,0.00999
46.50000,0.02535,0.00475
45.50000,0.05000,0.00580
44.50000,0.03298,0.01109
43.50000,-0.00830,0.02775
42.50000,0.00062,0.02024
41.50000,0.02757,0.02106
40.50000,0.00018,0.01719
39.50000,0.02719,0.01737
38.50000,0.00017,0.01933
37.50000,-0.01141,0.01693
36.50000,-0.02863,0.01403
35.50000,-0.02572,0.01253
34.50000,-0.04561,0.02139
33.50000,-0.03716,0.02755
32.50000,-0.04849,0.01708
31.50000,-0.09442,0.01425
30.50000,-0.10396,0.02312
29.50000,-0.16050,0.02015
28.50000,-0.09542,0.03225
27.50000,0.02030,0.05008
26.50000,-0.02183,0.04768
25.50000,0.02041,0.05177
24.50000,-0.06656,0.05952
23.50000,-0.09426,0.06310
22.50000,-0.00979,0.06797
21.50000,0.05579,0.05223
20.50000,0.01485,0.03491
19.50000,0.08146,0.03706
18.50000,0.09086,0.05574
17.50000,-0.02570,0.03109
16.50000,0.05426,0.01696
15.50000,0.09143,0.03074
14.50000,0.08540,0.03525
13.50000,0.08037,0.03285
12.50000,0.05959,0.02809
11.50000,0.08582,0.03602
10.50000,-0.00912,0.02873
9.50000,-0.05384,0.03200
8.50000,-0.20603,0.03238
7.50000,-0.19818,0.04056
6.50000,-0.06158,0.04207
5.50000,-0.01326,0.05909
4.50000,-0.12390,0.06852
3.50000,-0.03359,0.08327
2.50000,-0.14731,0.07063
1.50000,-0.04084,0.09897
0.50000,-0.04043,0.10861
-0.50000,-0.03704,0.12167
-1.50000,-0.08484,0.12453
-2.50000,-0.03643,0.12319
-3.50000,-0.01184,0.12814
-4.50000,-0.10114,0.11352
-5.50000,-0.04769,0.10121
-6.50000,-0.03814,0.07982
-7.50000,-0.06141,0.07580
-8.50000,-0.05627,0.06960
-9.50000,-0.05708,0.04963
-10.50000,-0.08585,0.04492
-11.50000,-0.10725,0.03118
-12.50000,-0.06514,0.03259
-13.50000,-0.07130,0.02268
-14.50000,0.06944,0.01832
-15.50000,0.08616,0.02271
-16.50000,0.03712,0.01861
-17.50000,-0.01887,0.01530
-18.50000,-0.04215,0.01178
-19.50000,-0.04853,0.01012
-20.50000,-0.07979,0.01871
-21.50000,-0.11922,0.01813
-22.50000,-0.15151,0.01344
-23.50000,-0.07076,0.00403
-24.50000,-0.09071,0.00751
-25.50000,-0.16333,0.00314
-26.50000,-0.20616,-0.00172
-27.50000,-0.22132,-0.00883
-28.50000,-0.26003,-0.01268
-29.50000,-0.25155,-0.02291
-30.50000,-0.19487,-0.02304
-31.50000,-0.23434,-0.02417
-32.50000,-0.25074,-0.02828
-33.50000,-0.38399,-0.03924
-34.50000,-0.37239,-0.03203
-35.50000,-0.39490,-0.04967
-36.50000,-0.71228,-0.02331
-37.50000,-0.60764,-0.00547
-38.50000,-0.49336,0.02153
-39.50000,-0.14689,-0.01230
-40.50000,-0.08012,-0.02149
-41.50000,-0.09506,0.00008
-42.50000,0.07792,-0.00837
-43.50000,-0.04342,-0.02023
-44.50000,0.06667,-0.06020
-45.50000,0.01079,-0.05529
-46.50000,0.05923,-0.07049
-47.50000,0.03951,-0.03498
-48.50000,0.01692,-0.03130
-49.50000,0.07189,-0.03100
-50.50000,0.07003,-0.05476
-51.50000,-0.20863,-0.03585
-52.50000,-0.21878,-0.05185
-53.50000,0.10809,-0.02929
-54.50000,0.04239,-0.03199
-55.50000,0.05578,-0.01681
