lat,lm4_mjjas_sd,gimms_mjjas_sd
81.50000,0.00000,0.02251
80.50000,0.00000,0.01401
79.50000,0.00000,0.01695
78.50000,0.00000,0.02087
77.50000,0.00000,0.02259
76.50000,0.00000,0.03073
75.50000,0.00000,0.03318
74.50000,0.00000,0.03174
73.50000,0.00000,0.03593
72.50000,0.00005,0.03775
71.50000,0.00158,0.03884
70.50000,0.02942,0.03845
69.50000,0.04822,0.04198
68.50000,0.06464,0.04289
67.50000,0.11413,0.04792
66.50000,0.13933,0.04758
65.50000,0.17079,0.04892
64.50000,0.18401,0.05289
63.50000,0.18425,0.05860
62.50000,0.16730,0.06421
61.50000,0.14074,0.07039
60.50000,0.15881,0.07256
59.50000,0.16760,0.07926
58.50000,0.20539,0.08106
57.50000,0.19767,0.08095
56.50000,0.19960,0.07899
55.50000,0.16648,0.08862
54.50000,0.14590,0.08818
53.50000,0.12797,0.08843
52.50000,0.12401,0.09001
51.50000,0.11959,0.08686
50.50000,0.11793,0.08159
49.50000,0.11425,0.07594
48.50000,0.10615,0.07232
47.50000,0.10889,0.07746
46.50000,0.10807,0.07381
45.50000,0.11365,0.06472
44.50000,0.12117,0.06945
43.50000,0.14656,0.07202
42.50000,0.12221,0.06801
41.50000,0.13164,0.06617
40.50000,0.12758,0.05910
39.50000,0.14570,0.05270
38.50000,0.15767,0.05533
37.50000,0.16818,0.05701
36.50000,0.19240,0.05608
35.50000,0.19423,0.05577
34.50000,0.19715,0.05865
33.50000,0.25018,0.06326
32.50000,0.30458,0.05435
31.50000,0.32297,0.05507
30.50000,0.26635,0.06255
29.50000,0.27461,0.07184
28.50000,0.26962,0.07954
27.50000,0.26359,0.08780
26.50000,0.26933,0.09236
25.50000,0.24192,0.09152
24.50000,0.26938,0.09026
23.50000,0.30096,0.08963
22.50000,0.33928,0.08040
21.50000,0.36245,0.08798
20.50000,0.35480,0.08818
19.50000,0.35302,0.09914
18.50000,0.41645,0.09377
17.50000,0.27356,0.07570
16.50000,0.19409,0.06503
15.50000,0.14428,0.06250
14.50000,0.13842,0.06289
13.50000,0.17443,0.06866
12.50000,0.21428,0.07033
11.50000,0.30441,0.07925
10.50000,0.36785,0.08112
9.50000,0.37377,0.08627
8.50000,0.45911,0.08064
7.50000,0.48222,0.08838
6.50000,0.36861,0.08855
5.50000,0.32353,0.09550
4.50000,0.39487,0.08998
3.50000,0.24975,0.08971
2.50000,0.24922,0.10090
1.50000,0.20308,0.11594
0.50000,0.20581,0.12362
-0.50000,0.23967,0.12669
-1.50000,0.24822,0.13176
-2.50000,0.25381,0.12651
-3.50000,0.26706,0.12967
-4.50000,0.29448,0.11327
-5.50000,0.28443,0.11254
-6.50000,0.34330,0.10427
-7.50000,0.34943,0.10012
-8.50000,0.34324,0.09133
-9.50000,0.31379,0.09483
-10.50000,0.34371,0.07837
-11.50000,0.34572,0.07144
-12.50000,0.37245,0.07058
-13.50000,0.39514,0.06153
-14.50000,0.47726,0.06035
-15.50000,0.47633,0.06782
-16.50000,0.51007,0.07044
-17.50000,0.51199,0.06940
-18.50000,0.48866,0.07375
-19.50000,0.50481,0.06713
-20.50000,0.47829,0.06710
-21.50000,0.47229,0.06639
-22.50000,0.47982,0.06419
-23.50000,0.47326,0.05946
-24.50000,0.52346,0.06296
-25.50000,0.53591,0.05791
-26.50000,0.45615,0.05683
-27.50000,0.48115,0.05170
-28.50000,0.49971,0.04985
-29.50000,0.52646,0.05421
-30.50000,0.54807,0.05787
-31.50000,0.65507,0.06302
-32.50000,0.64467,0.07786
-33.50000,0.78835,0.10391
-34.50000,0.71028,0.13356
-35.50000,0.82460,0.13279
-36.50000,0.85996,0.13301
-37.50000,0.99281,0.12470
-38.50000,0.82678,0.12563
-39.50000,0.48211,0.10963
-40.50000,0.46699,0.11164
-41.50000,0.42547,0.13766
-42.50000,0.29196,0.11230
-43.50000,0.28455,0.13005
-44.50000,0.18845,0.07541
-45.50000,0.14719,0.08716
-46.50000,0.18687,0.07399
-47.50000,0.17543,0.05278
-48.50000,0.17145,0.05335
-49.50000,0.18099,0.05826
-50.50000,0.30466,0.06477
-51.50000,0.45399,0.07191
-52.50000,0.30689,0.06754
-53.50000,0.27992,0.08115
-54.50000,0.25840,0.07883
-55.50000,0.31473,0.09787
