year,lm4_pct,gimms_pct,lm4_std,gimms_std
1982.000000,-4.760971,-1.746654,-4.546499,-2.550326
1983.000000,-3.776488,-1.497586,-3.606364,-2.186656
1984.000000,-1.331119,-1.510690,-1.271154,-2.205789
1985.000000,-1.058271,-0.425351,-1.010598,-0.621064
1986.000000,0.019860,-0.125888,0.018965,-0.183811
1987.000000,-1.443084,-0.641956,-1.378076,-0.937333
1988.000000,-0.620739,-1.132949,-0.592776,-1.654242
1989.000000,0.816560,0.715358,0.779776,1.044509
1990.000000,0.753407,-0.270570,0.719468,-0.395065
1991.000000,0.390402,-3.096382,0.372815,-4.521090
1992.000000,-0.115099,-1.681185,-0.109914,-2.454733
1993.000000,0.470581,-1.214576,0.449382,-1.773428
1994.000000,-1.477417,-1.378618,-1.410862,-2.012949
1995.000000,-0.293810,-0.308058,-0.280575,-0.449802
1996.000000,0.780343,-0.091010,0.745190,-0.132886
1997.000000,2.074624,0.265991,1.981166,0.388379
1998.000000,0.753093,-0.323822,0.719168,-0.472819
1999.000000,0.518347,-0.482938,0.494996,-0.705148
2000.000000,2.223225,1.066743,2.123072,1.557574
2001.000000,0.871130,0.493384,0.831887,0.720400
2002.000000,-1.186007,-0.061798,-1.132580,-0.090232
2003.000000,-0.656921,-0.447962,-0.627328,-0.654079
2004.000000,0.669355,0.909155,0.639202,1.327475
2005.000000,-0.971881,1.046645,-0.928100,1.528227
2006.000000,-0.238857,1.224874,-0.228097,1.788464
2007.000000,-0.908101,0.931322,-0.867192,1.359843
2008.000000,-1.792064,0.669052,-1.711334,0.976897
2009.000000,-1.834037,1.265811,-1.751417,1.848237
2010.000000,-0.030314,1.483943,-0.028948,2.166735
