gimms_bin_centre,lm4_mean_in_bin,ncells,region_gimms_mean,region_lm4_mean
0.25000,0.55181,2323.00000,1.93350,2.67092
0.75000,1.42004,2047.00000,1.93350,2.67092
1.25000,2.41720,1657.00000,1.93350,2.67092
1.75000,3.02481,1361.00000,1.93350,2.67092
2.25000,3.13687,1140.00000,1.93350,2.67092
2.75000,3.32363,1000.00000,1.93350,2.67092
3.25000,3.64793,856.00000,1.93350,2.67092
3.75000,4.24668,594.00000,1.93350,2.67092
4.50000,5.08313,673.00000,1.93350,2.67092
5.50000,6.62467,613.00000,1.93350,2.67092
7.00000,6.77662,102.00000,1.93350,2.67092
4.50000,7.08586,25.00000,5.55572,7.12123
5.50000,7.23268,198.00000,5.55572,7.12123
7.00000,7.01248,64.00000,5.55572,7.12123
0.75000,6.09713,43.00000,1.61211,6.11160
1.25000,5.70588,90.00000,1.61211,6.11160
1.75000,6.25439,60.00000,1.61211,6.11160
2.25000,6.98546,20.00000,1.61211,6.11160
3.75000,5.88264,19.00000,4.49865,5.91816
4.50000,6.02895,32.00000,4.49865,5.91816
5.50000,6.27607,93.00000,4.49865,5.91816
3.25000,5.30877,21.00000,4.46805,6.01583
3.75000,5.62561,36.00000,4.46805,6.01583
4.50000,6.16298,122.00000,4.46805,6.01583
5.50000,6.41307,133.00000,4.46805,6.01583
0.25000,0.66937,415.00000,0.53220,1.03113
0.75000,1.43807,140.00000,0.53220,1.03113
1.25000,2.32852,32.00000,0.53220,1.03113
0.75000,0.79088,104.00000,1.94297,2.17765
1.25000,1.95126,111.00000,1.94297,2.17765
1.75000,2.70444,111.00000,1.94297,2.17765
2.25000,2.13250,108.00000,1.94297,2.17765
2.75000,2.53339,131.00000,1.94297,2.17765
3.25000,3.34009,55.00000,1.94297,2.17765
0.25000,0.85303,66.00000,2.35267,2.72691
0.75000,1.54997,95.00000,2.35267,2.72691
1.25000,2.17912,57.00000,2.35267,2.72691
1.75000,2.33024,124.00000,2.35267,2.72691
2.25000,2.79119,106.00000,2.35267,2.72691
2.75000,3.30704,87.00000,2.35267,2.72691
3.25000,3.43415,117.00000,2.35267,2.72691
3.75000,3.59141,109.00000,2.35267,2.72691
4.50000,3.80624,73.00000,2.35267,2.72691
0.25000,0.88608,109.00000,2.15789,2.79426
0.75000,1.76886,185.00000,2.15789,2.79426
1.25000,3.00125,150.00000,2.15789,2.79426
1.75000,3.26017,157.00000,2.15789,2.79426
2.25000,3.07152,150.00000,2.15789,2.79426
2.75000,3.20357,84.00000,2.15789,2.79426
3.25000,3.32486,100.00000,2.15789,2.79426
3.75000,3.67394,94.00000,2.15789,2.79426
4.50000,3.40034,133.00000,2.15789,2.79426
