year,gimms_annov,lm4_annov,gimms_mjjas,lm4_mjjas
1982.000000,1.753953,2.571339,1.998190,2.735396
1983.000000,1.750346,2.592678,2.003257,2.763672
1984.000000,1.745998,2.669178,2.002984,2.833907
1985.000000,1.773297,2.681635,2.025142,2.841742
1986.000000,1.780689,2.708933,2.031248,2.872709
1987.000000,1.773422,2.676229,2.020736,2.830691
1988.000000,1.762057,2.672523,2.010748,2.854310
1989.000000,1.789986,2.707830,2.048337,2.895590
1990.000000,1.786043,2.714768,2.028285,2.893777
1991.000000,1.746769,2.719916,1.970751,2.883351
1992.000000,1.761758,2.704400,1.999552,2.868834
1993.000000,1.766182,2.713571,2.009087,2.885653
1994.000000,1.764914,2.683303,2.005752,2.829703
1995.000000,1.782601,2.710908,2.027526,2.863698
1996.000000,1.785866,2.721287,2.031966,2.894549
