segyear,SW_070,ST_120,colwater,NEP
1,279.05114,271.7633,3146.577,-0.39043
2,280.81022,271.2193,3164.365,-0.38294
3,281.00928,271.1377,3164.894,-0.38482
4,281.00966,271.1034,3163.585,-0.38623
5,280.94815,271.0875,3161.668,-0.38670
6,280.83318,271.0862,3159.635,-0.38606
7,280.72382,271.0956,3157.713,-0.38480
8,280.64285,271.1127,3155.992,-0.38372
9,280.59539,271.1317,3154.443,-0.38291
10,280.53131,271.1549,3152.936,-0.38194
11,280.49665,271.1799,3151.599,-0.38127
12,280.48506,271.2068,3150.382,-0.38077
13,280.43013,271.2317,3149.189,-0.38055
14,280.44639,271.2592,3148.100,-0.38014
15,280.39439,271.2855,3147.060,-0.38041
16,279.93353,271.3014,3160.394,-0.36884
17,276.73526,271.3358,3160.819,-0.37081
18,275.52642,271.3649,3153.527,-0.37653
19,274.74085,271.3895,3146.463,-0.38133
20,274.21526,271.4125,3140.443,-0.38454
21,273.89822,271.4325,3135.203,-0.38765
22,273.64444,271.4537,3130.576,-0.38979
23,273.37733,271.4741,3126.489,-0.39264
24,273.12974,271.4967,3122.923,-0.39492
25,272.92043,271.5146,3119.688,-0.39791
26,272.74141,271.5308,3116.750,-0.40067
27,272.59227,271.5473,3113.989,-0.40350
28,272.42197,271.5625,3111.419,-0.40631
29,272.23146,271.5762,3108.963,-0.41161
