year,SW_070,ST_120,colwater,NEP
1,275.95860,271.8005,3159.961,-0.356803
2,278.01188,271.2458,3177.286,-0.369968
3,278.25552,271.1664,3177.445,-0.371506
4,278.32491,271.1327,3175.820,-0.372453
5,278.34998,271.1172,3173.621,-0.372831
6,278.31713,271.1167,3171.368,-0.372688
7,278.27310,271.1261,3169.241,-0.372160
8,278.25504,271.1432,3167.323,-0.371697
9,278.25120,271.1619,3165.590,-0.371493
10,278.26637,271.1843,3163.906,-0.371113
11,278.32192,271.2084,3162.419,-0.370818
12,278.35078,271.2341,3161.036,-0.370545
13,278.34486,271.2581,3159.695,-0.370551
14,278.41332,271.2841,3158.476,-0.370283
15,278.42232,271.3091,3157.311,-0.370573
16,278.01046,271.3222,3170.523,-0.358834
17,274.83877,271.3551,3170.781,-0.361215
18,273.66962,271.3833,3163.341,-0.367282
19,272.91556,271.4071,3156.138,-0.372119
20,272.43801,271.4296,3149.991,-0.375432
21,272.17016,271.4492,3144.619,-0.378496
22,271.97265,271.4704,3139.852,-0.380566
23,271.76756,271.4906,3135.645,-0.383028
24,271.59132,271.5134,3131.948,-0.384864
25,271.43860,271.5316,3128.614,-0.387157
26,271.33536,271.5480,3125.578,-0.388813
27,271.21490,271.5647,3122.707,-0.390334
28,271.11142,271.5809,3120.055,-0.391038
29,270.97137,271.5953,3117.629,-0.392632
31,270.46518,272.0232,3173.666,-0.345754
32,272.63547,271.4397,3190.421,-0.363330
33,272.96601,271.3435,3190.003,-0.364249
34,273.09923,271.2940,3187.887,-0.364568
35,273.23713,271.2645,3185.264,-0.364820
36,273.33402,271.2504,3182.557,-0.364858
37,273.42442,271.2471,3180.034,-0.364797
38,273.55092,271.2514,3177.788,-0.364476
39,273.72062,271.2591,3175.735,-0.364698
40,273.89414,271.2714,3173.759,-0.364742
41,274.08889,271.2866,3171.941,-0.364589
42,274.23737,271.3056,3170.221,-0.364433
43,274.37181,271.3237,3168.579,-0.364524
44,274.56216,271.3443,3167.086,-0.364408
45,274.73424,271.3648,3165.660,-0.364717
46,274.44310,271.3738,3178.572,-0.352668
47,271.37643,271.4039,3178.536,-0.355392
48,270.34453,271.4300,3170.841,-0.361643
49,269.70833,271.4510,3163.413,-0.366582
50,269.36049,271.4707,3157.046,-0.369781
51,269.23040,271.4888,3151.468,-0.372730
52,269.15128,271.5084,3146.503,-0.374652
53,269.06197,271.5273,3142.077,-0.376930
54,268.99182,271.5494,3138.212,-0.378599
55,268.92678,271.5671,3134.751,-0.380556
56,268.93239,271.5832,3131.603,-0.381974
57,268.95100,271.5994,3128.627,-0.383174
58,268.96315,271.6145,3125.881,-0.383538
59,268.93303,271.6276,3123.354,-0.384561
61,275.95860,271.8005,3159.961,-0.356803
62,278.01188,271.2458,3177.286,-0.369968
63,278.25552,271.1664,3177.445,-0.371506
64,278.32491,271.1327,3175.820,-0.372453
65,278.34998,271.1172,3173.621,-0.372831
66,278.31713,271.1167,3171.368,-0.372688
67,278.27310,271.1261,3169.241,-0.372160
68,278.25504,271.1432,3167.323,-0.371697
69,278.25120,271.1619,3165.590,-0.371493
70,278.26637,271.1843,3163.906,-0.371113
71,278.32192,271.2084,3162.419,-0.370818
72,278.35078,271.2341,3161.036,-0.370545
73,278.34486,271.2581,3159.695,-0.370551
74,278.41332,271.2841,3158.476,-0.370283
75,278.42232,271.3091,3157.311,-0.370573
76,278.01046,271.3222,3170.523,-0.358834
77,274.83877,271.3551,3170.781,-0.361215
78,273.66962,271.3833,3163.341,-0.367282
79,272.91556,271.4071,3156.138,-0.372119
80,272.43801,271.4296,3149.991,-0.375432
81,272.17016,271.4492,3144.619,-0.378496
82,271.97265,271.4704,3139.852,-0.380566
83,271.76756,271.4906,3135.645,-0.383028
84,271.59132,271.5134,3131.948,-0.384864
85,271.43860,271.5316,3128.614,-0.387157
86,271.33536,271.5480,3125.578,-0.388813
87,271.21490,271.5647,3122.707,-0.390334
88,271.11142,271.5809,3120.055,-0.391038
89,270.97137,271.5953,3117.629,-0.392632
121,278.29166,271.7674,3151.185,-0.371466
122,280.20650,271.2188,3168.816,-0.377473
123,280.43976,271.1395,3169.233,-0.379254
124,280.45893,271.1059,3167.827,-0.380467
125,280.41138,271.0902,3165.835,-0.380799
126,280.31520,271.0894,3163.753,-0.380238
127,280.22333,271.0991,3161.784,-0.379226
128,280.16122,271.1165,3160.029,-0.378376
129,280.11667,271.1358,3158.435,-0.377749
130,280.05971,271.1593,3156.897,-0.376965
131,280.03970,271.1844,3155.539,-0.376414
132,280.03662,271.2114,3154.309,-0.375992
133,279.99504,271.2360,3153.102,-0.375839
134,280.01944,271.2632,3152.012,-0.375428
135,279.97504,271.2892,3150.975,-0.375611
136,279.51567,271.3045,3164.304,-0.364064
137,276.31613,271.3385,3164.695,-0.366261
138,275.10811,271.3677,3157.383,-0.372054
139,274.32770,271.3922,3150.301,-0.376889
140,273.82010,271.4152,3144.270,-0.380111
141,273.52123,271.4351,3139.025,-0.383188
142,273.28348,271.4565,3134.385,-0.385299
143,273.04205,271.4772,3130.274,-0.388082
144,272.80370,271.5004,3126.682,-0.390316
145,272.59821,271.5184,3123.410,-0.393030
146,272.44588,271.5348,3120.422,-0.395057
147,272.29713,271.5516,3117.618,-0.397063
148,272.15266,271.5676,3115.020,-0.398603
149,271.98019,271.5818,3112.586,-0.401466
151,278.61015,271.7652,3149.273,-0.376281
152,280.46781,271.2178,3166.933,-0.379186
153,280.72812,271.1379,3167.398,-0.381009
154,280.74679,271.1042,3166.036,-0.382297
155,280.70715,271.0884,3164.077,-0.382629
156,280.61024,271.0876,3162.023,-0.382016
157,280.51813,271.0971,3160.081,-0.380937
158,280.45716,271.1144,3158.345,-0.380001
159,280.41535,271.1337,3156.791,-0.379338
160,280.35574,271.1573,3155.276,-0.378466
161,280.32496,271.1823,3153.936,-0.377855
162,280.32264,271.2093,3152.715,-0.377391
163,280.27783,271.2341,3151.522,-0.377210
164,280.30220,271.2615,3150.444,-0.376791
165,280.25261,271.2876,3149.418,-0.376985
166,279.80389,271.3031,3162.763,-0.365452
167,276.61333,271.3372,3163.183,-0.367579
168,275.41787,271.3665,3155.896,-0.373347
169,274.63768,271.3910,3148.835,-0.378173
170,274.11814,271.4139,3142.820,-0.381383
171,273.81012,271.4339,3137.592,-0.384482
172,273.55356,271.4552,3132.968,-0.386599
173,273.31209,271.4758,3128.883,-0.389314
174,273.07574,271.4987,3125.319,-0.391632
175,272.87445,271.5169,3122.081,-0.394618
176,272.71541,271.5333,3119.134,-0.396809
177,272.57157,271.5499,3116.358,-0.398959
178,272.41578,271.5656,3113.779,-0.400829
179,272.23552,271.5796,3111.323,-0.404291
181,278.82235,271.7639,3148.146,-0.380336
182,280.65303,271.2174,3165.868,-0.380399
183,280.89457,271.1372,3166.374,-0.382231
184,280.90030,271.1035,3165.042,-0.383576
185,280.85787,271.0876,3163.107,-0.383965
186,280.75276,271.0866,3161.069,-0.383337
187,280.65613,271.0961,3159.151,-0.382190
188,280.59160,271.1134,3157.429,-0.381206
189,280.54537,271.1325,3155.873,-0.380483
190,280.48347,271.1559,3154.365,-0.379572
191,280.45154,271.1810,3153.034,-0.378932
192,280.44737,271.2079,3151.822,-0.378464
193,280.39865,271.2330,3150.637,-0.378278
194,280.41860,271.2603,3149.557,-0.377851
195,280.36964,271.2865,3148.527,-0.378074
196,279.91540,271.3023,3161.869,-0.366540
197,276.71947,271.3365,3162.286,-0.368610
198,275.52569,271.3658,3155.002,-0.374377
199,274.74233,271.3903,3147.944,-0.379214
200,274.21974,271.4131,3141.934,-0.382421
201,273.90887,271.4331,3136.709,-0.385531
202,273.66603,271.4544,3132.092,-0.387650
203,273.40750,271.4748,3128.009,-0.390409
204,273.17176,271.4976,3124.449,-0.392653
205,272.95938,271.5157,3121.215,-0.395703
206,272.79836,271.5323,3118.266,-0.398134
207,272.65240,271.5488,3115.493,-0.400428
208,272.49415,271.5643,3112.909,-0.402592
209,272.30051,271.5782,3110.475,-0.406591
211,278.97463,271.7636,3147.455,-0.384070
212,280.78092,271.2181,3165.223,-0.381429
213,281.00303,271.1374,3165.748,-0.383267
214,281.01649,271.1033,3164.439,-0.384636
215,280.96683,271.0874,3162.531,-0.385040
216,280.85936,271.0864,3160.504,-0.384397
217,280.75503,271.0959,3158.583,-0.383206
218,280.68476,271.1130,3156.861,-0.382179
219,280.63544,271.1320,3155.305,-0.381408
220,280.57530,271.1554,3153.795,-0.380479
221,280.54530,271.1804,3152.459,-0.379825
222,280.53705,271.2073,3151.244,-0.379330
223,280.48427,271.2322,3150.052,-0.379126
224,280.50180,271.2596,3148.967,-0.378716
225,280.45373,271.2858,3147.933,-0.378979
226,280.00266,271.3016,3161.274,-0.367443
227,276.80681,271.3359,3161.701,-0.369477
228,275.60459,271.3652,3154.417,-0.375216
229,274.81873,271.3898,3147.364,-0.380029
230,274.29483,271.4128,3141.352,-0.383237
231,273.97841,271.4327,3136.117,-0.386335
232,273.72657,271.4540,3131.493,-0.388483
233,273.48040,271.4745,3127.409,-0.391268
234,273.23977,271.4970,3123.847,-0.393508
235,273.03661,271.5151,3120.610,-0.396476
236,272.86374,271.5316,3117.649,-0.399107
237,272.70016,271.5480,3114.856,-0.401627
238,272.53266,271.5635,3112.284,-0.404047
239,272.34221,271.5773,3109.835,-0.408505
241,279.04336,271.7633,3146.907,-0.387272
242,280.83597,271.2187,3164.683,-0.382215
243,281.04484,271.1375,3165.209,-0.384061
244,281.04440,271.1033,3163.887,-0.385475
245,280.99689,271.0874,3161.962,-0.385924
246,280.88076,271.0863,3159.921,-0.385290
247,280.77715,271.0957,3158.001,-0.384049
248,280.70086,271.1127,3156.281,-0.382993
249,280.65608,271.1316,3154.737,-0.382205
250,280.59177,271.1550,3153.234,-0.381254
251,280.56292,271.1800,3151.903,-0.380572
252,280.55502,271.2069,3150.688,-0.380080
253,280.50108,271.2319,3149.500,-0.379900
254,280.51670,271.2593,3148.417,-0.379492
255,280.46873,271.2856,3147.382,-0.379739
256,280.01253,271.3015,3160.724,-0.368182
257,276.81386,271.3358,3161.152,-0.370187
258,275.60858,271.3650,3153.868,-0.375921
259,274.81657,271.3897,3146.806,-0.380716
260,274.29049,271.4128,3140.790,-0.383933
261,273.97180,271.4327,3135.553,-0.387038
262,273.71296,271.4539,3130.930,-0.389179
263,273.46361,271.4742,3126.852,-0.392005
264,273.22526,271.4969,3123.297,-0.394265
265,273.01949,271.5147,3120.066,-0.397190
266,272.83709,271.5310,3117.128,-0.399887
267,272.66989,271.5475,3114.365,-0.402638
268,272.50503,271.5629,3111.816,-0.405264
269,272.31234,271.5766,3109.377,-0.410154
271,279.05114,271.7633,3146.577,-0.390426
272,280.81022,271.2193,3164.365,-0.382940
273,281.00928,271.1377,3164.894,-0.384815
274,281.00966,271.1034,3163.585,-0.386229
275,280.94815,271.0875,3161.668,-0.386697
276,280.83318,271.0862,3159.635,-0.386056
277,280.72382,271.0956,3157.713,-0.384795
278,280.64285,271.1127,3155.992,-0.383720
279,280.59539,271.1317,3154.443,-0.382906
280,280.53131,271.1549,3152.936,-0.381943
281,280.49665,271.1799,3151.599,-0.381268
282,280.48506,271.2068,3150.382,-0.380772
283,280.43013,271.2317,3149.189,-0.380555
284,280.44639,271.2592,3148.100,-0.380141
285,280.39439,271.2855,3147.060,-0.380408
286,279.93353,271.3014,3160.394,-0.368840
287,276.73526,271.3358,3160.819,-0.370812
288,275.52642,271.3649,3153.527,-0.376530
289,274.74085,271.3895,3146.463,-0.381332
290,274.21526,271.4125,3140.443,-0.384542
291,273.89822,271.4325,3135.203,-0.387654
292,273.64444,271.4537,3130.576,-0.389792
293,273.37733,271.4741,3126.489,-0.392639
294,273.12974,271.4967,3122.923,-0.394915
295,272.92043,271.5146,3119.688,-0.397910
296,272.74141,271.5308,3116.750,-0.400671
297,272.59227,271.5473,3113.989,-0.403505
298,272.42197,271.5625,3111.419,-0.406315
299,272.23146,271.5762,3108.963,-0.411605
