year,SW_070,ST_120,colwater,groundwater
1982,56.0569,271.5496,3255.4535,0.0000
1983,56.1707,271.4270,3258.9404,0.0000
1984,56.1798,271.3822,3258.2312,0.0000
1985,56.1750,271.3633,3256.4102,0.0000
1986,56.1532,271.3608,3254.4025,0.0000
1987,56.1291,271.3689,3252.2953,0.0000
1988,56.1127,271.3872,3250.3765,0.0000
1989,56.1004,271.4089,3248.6442,0.0000
1990,56.0944,271.4334,3247.0599,0.0000
1991,56.0844,271.4596,3245.5446,0.0000
1992,56.0799,271.4870,3244.2271,0.0000
1993,56.0707,271.5173,3242.9708,0.0000
1994,56.0669,271.5498,3241.7743,0.0000
1995,56.0696,271.5795,3240.6705,0.0000
1996,56.0502,271.6071,3239.5863,0.0000
1997,55.5153,271.6089,3257.1441,0.0000
1998,55.1791,271.6451,3251.1886,0.0000
1999,54.9938,271.6725,3243.7880,0.0000
2000,54.8472,271.6965,3237.2232,0.0000
2001,54.7655,271.7199,3231.5322,0.0000
2002,54.7185,271.7422,3226.5012,0.0000
2003,54.6637,271.7644,3222.0113,0.0000
2004,54.6160,271.7874,3218.0652,0.0000
2005,54.5651,271.8108,3214.5411,0.0000
2006,54.5256,271.8299,3211.3850,0.0000
2007,54.4944,271.8472,3208.4144,0.0000
2008,54.4595,271.8635,3205.6796,0.0000
2009,54.4232,271.8789,3203.0730,0.0000
2010,54.3786,271.8949,3200.6092,0.0000
