year,LAI,GPP,NPP,evap,runoff,col_water,SWE,soilC
1981.000000,2.271965,1.348294,0.681712,1.789983,0.856345,3422.362074,78.389650,7.416048
1982.000000,2.307527,1.333410,0.656763,1.747850,0.771949,3414.748265,78.260434,7.458408
1983.000000,2.336295,1.339090,0.655296,1.767882,0.794336,3414.926092,78.155572,7.501684
1984.000000,2.397824,1.351479,0.658445,1.760994,0.866871,3418.413837,77.157261,7.537041
1985.000000,2.401138,1.340509,0.648978,1.737651,0.832769,3414.254783,77.330019,7.567148
1986.000000,2.433311,1.355340,0.651487,1.772566,0.761582,3409.172690,77.165781,7.587981
1987.000000,2.402464,1.332558,0.633688,1.756022,0.724425,3397.975792,77.297943,7.606919
1988.000000,2.424345,1.361671,0.656840,1.798211,0.813502,3403.387143,76.488062,7.615866
1989.000000,2.453714,1.391872,0.679219,1.798836,0.813355,3401.349765,77.007605,7.626510
1990.000000,2.454662,1.376965,0.664055,1.790079,0.796342,3398.288343,76.416646,7.642497
1991.000000,2.450915,1.363069,0.649894,1.775326,0.753667,3395.792927,76.672540,7.652596
1992.000000,2.437446,1.356469,0.654069,1.751823,0.726510,3388.272636,77.499986,7.662992
1993.000000,2.457056,1.370528,0.663163,1.775852,0.763608,3395.588887,77.104343,7.680245
1994.000000,2.407593,1.333707,0.630951,1.745476,0.781840,3392.787812,76.899182,7.690018
1995.000000,2.438625,1.362439,0.651363,1.794530,0.790378,3393.929554,76.591675,7.692374
