year,month,runoff,baseflow,LAI,GPP,NPP,NEP,evap,sens,theta_sfc,col_water,SWE,soilC,bwood,soilT_2m
1981.00000000,1.00000000,0.00000667,0.00000124,2.06334854,0.93319215,0.45446019,0.05738523,0.00001604,14.07881136,0.64193729,3385.78906066,21.33003667,7.91831149,1.73385020,288.63647810
1981.00000000,2.00000000,0.00000802,0.00000123,2.07644502,0.98067893,0.48279594,0.07786147,0.00001771,17.83024517,0.64699425,3395.30071890,25.89290337,7.91087260,1.73631516,287.90621294
1981.00000000,3.00000000,0.00000820,0.00000123,2.10165694,1.02036564,0.49119812,0.07796053,0.00001869,22.61294316,0.63639339,3397.26841123,27.81251618,7.90415559,1.73887564,287.61713933
1981.00000000,4.00000000,0.00000956,0.00000122,2.19440798,1.10512789,0.52233344,0.08190019,0.00002007,26.51193615,0.61284020,3398.17056997,25.03139289,7.89737334,1.74131272,287.86781714
1981.00000000,5.00000000,0.00001249,0.00000122,2.31677578,1.26046634,0.60035943,0.10229760,0.00002195,27.47047079,0.58573228,3396.84426603,14.43956138,7.88874801,1.74382016,288.54090240
1981.00000000,6.00000000,0.00001069,0.00000122,2.55256407,1.48300723,0.72751821,0.15216119,0.00002387,27.24045211,0.55267110,3390.97072671,3.63974372,7.87655666,1.74692653,289.40963302
1981.00000000,7.00000000,0.00000959,0.00000121,2.65415751,1.57088294,0.78635253,0.18460595,0.00002491,27.23131498,0.54159700,3386.10933412,0.79525240,7.86338183,1.75059920,290.28264702
1981.00000000,8.00000000,0.00000856,0.00000123,2.57686815,1.47819803,0.71014318,0.13020917,0.00002305,27.26214760,0.53679834,3380.33330191,0.56675633,7.85181061,1.75537823,290.99876889
1981.00000000,9.00000000,0.00000804,0.00000124,2.47837130,1.27541081,0.59730206,0.11221809,0.00001960,26.68961770,0.54023836,3377.84971544,0.67198350,7.84592471,1.75959686,291.42162551
1981.00000000,10.00000000,0.00000718,0.00000125,2.32956569,1.07859870,0.46408644,0.03163695,0.00001773,21.70676554,0.57332872,3379.18881172,1.97376632,7.85131532,1.76254812,291.37436635
1981.00000000,11.00000000,0.00000668,0.00000125,2.23504459,0.98847253,0.44385091,0.03644670,0.00001681,16.41305388,0.60376186,3382.16658869,5.93358564,7.85596160,1.76493039,290.76449690
1981.00000000,12.00000000,0.00000667,0.00000125,2.19801958,0.95687510,0.44821695,0.06140611,0.00001670,11.75675671,0.62359469,3384.47737798,12.89690123,7.85556635,1.76714673,289.70117470
1982.00000000,1.00000000,0.00000797,0.00000125,2.06872871,0.91668471,0.43572281,0.05049166,0.00001600,15.25365205,0.64609282,3388.65763748,22.14588978,7.93500182,1.73894851,288.62615011
1982.00000000,2.00000000,0.00000828,0.00000124,2.03891675,0.93186032,0.44622560,0.06333397,0.00001681,19.10262753,0.65237515,3392.97863480,28.63519074,7.92965611,1.74153378,287.81229963
1982.00000000,3.00000000,0.00000998,0.00000122,2.06081620,0.98876976,0.47286831,0.07614062,0.00001845,23.69592412,0.65107031,3397.81761648,31.10811661,7.92463693,1.74407403,287.45642289
1982.00000000,4.00000000,0.00001100,0.00000121,2.13963050,1.08742230,0.51532022,0.08673076,0.00001980,26.17355899,0.62407994,3397.84512224,27.32374493,7.91814263,1.74685755,287.62756970
1982.00000000,5.00000000,0.00001177,0.00000122,2.29455668,1.24752894,0.59350006,0.09218175,0.00002186,27.81650543,0.58498185,3393.40021047,14.66327480,7.90901029,1.74946270,288.29388016
1982.00000000,6.00000000,0.00000958,0.00000122,2.50132619,1.43893157,0.69753983,0.12079880,0.00002352,28.25667953,0.55012565,3386.85611660,4.12734798,7.89706181,1.75243874,289.19273349
1982.00000000,7.00000000,0.00000722,0.00000122,2.59941591,1.54466614,0.76831552,0.14379598,0.00002421,27.40022179,0.52898013,3376.34770581,0.99458117,7.88229881,1.75641481,290.06838399
1982.00000000,8.00000000,0.00000736,0.00000120,2.52693367,1.45150772,0.70085522,0.12703641,0.00002227,27.96858842,0.53302171,3372.78074368,0.80234002,7.86852339,1.76135431,290.81503482
1982.00000000,9.00000000,0.00000685,0.00000121,2.45433287,1.26213628,0.57479572,0.07439259,0.00001923,26.36066145,0.54080182,3369.11321299,0.97425028,7.86008769,1.76589186,291.28811988
1982.00000000,10.00000000,0.00000636,0.00000121,2.35609055,1.10639290,0.49435874,0.05091331,0.00001807,21.96793927,0.57692060,3371.94034273,2.62640675,7.86444094,1.76857313,291.28032232
1982.00000000,11.00000000,0.00000585,0.00000121,2.24063471,0.97131311,0.43378980,0.02855829,0.00001647,17.95909778,0.60543760,3375.23330911,7.26015114,7.86735625,1.77106408,290.65160023
1982.00000000,12.00000000,0.00000644,0.00000121,2.16160510,0.93270233,0.42882558,0.04469801,0.00001602,13.44671764,0.62740169,3379.83547058,13.62125248,7.86754974,1.77305924,289.54044758
1983.00000000,1.00000000,0.00000652,0.00000121,2.05412400,0.90125602,0.41989112,0.02814031,0.00001626,14.20348666,0.63851902,3382.42922889,20.49855914,7.94703562,1.74446754,288.47158299
1983.00000000,2.00000000,0.00000718,0.00000120,2.01444361,0.89983811,0.41841785,0.02455732,0.00001658,19.18670632,0.63602711,3384.55792112,25.93180645,7.94071896,1.74637274,287.73864113
1983.00000000,3.00000000,0.00000822,0.00000119,1.98416620,0.94381791,0.44859570,0.04247869,0.00001765,23.95306995,0.63428397,3387.98019615,28.46548252,7.93498372,1.74837911,287.50103223
1983.00000000,4.00000000,0.00001072,0.00000118,2.07686577,1.06364930,0.49992714,0.06520191,0.00001973,26.82401698,0.62094361,3392.27180151,24.88204767,7.92723026,1.75069922,287.70886830
1983.00000000,5.00000000,0.00001201,0.00000118,2.22006159,1.20025195,0.56410181,0.07152819,0.00002158,28.04784743,0.59123277,3392.10328485,14.89424599,7.91766935,1.75298961,288.37996468
1983.00000000,6.00000000,0.00000939,0.00000120,2.45531934,1.43297627,0.69348222,0.11587448,0.00002359,28.04128747,0.55339494,3385.50287065,3.97773187,7.90496402,1.75578237,289.30645620
1983.00000000,7.00000000,0.00000766,0.00000119,2.57668207,1.54505820,0.77338562,0.14631768,0.00002439,27.28119181,0.53336644,3376.95426767,0.91506740,7.88919731,1.75957887,290.21042062
1983.00000000,8.00000000,0.00000753,0.00000120,2.53611070,1.47890231,0.71255240,0.12298945,0.00002286,27.10830051,0.53536089,3372.87211293,0.72171914,7.87393304,1.76399074,290.94907836
1983.00000000,9.00000000,0.00000783,0.00000121,2.48686983,1.29219065,0.61030017,0.11098278,0.00001993,26.06661467,0.53981441,3371.67587976,0.83143441,7.86389034,1.76817818,291.39905565
1983.00000000,10.00000000,0.00000719,0.00000122,2.31870834,1.07559736,0.46758179,0.02803331,0.00001737,21.79659285,0.56699121,3373.64180494,2.10452737,7.86737028,1.77134889,291.38626824
1983.00000000,11.00000000,0.00000586,0.00000124,2.24279288,0.99314571,0.44829935,0.03629563,0.00001685,15.21704476,0.60292184,3377.23778440,6.27271379,7.87080683,1.77397181,290.79623347
1983.00000000,12.00000000,0.00000663,0.00000124,2.19607811,0.95296496,0.44488003,0.05990102,0.00001666,13.43969596,0.62839454,3383.05211699,14.24359310,7.86988251,1.77666837,289.74422662
1984.00000000,1.00000000,0.00000717,0.00000123,2.06130870,0.94649069,0.46766601,0.07786798,0.00001672,14.20149911,0.64321545,3388.29792989,21.77091727,7.94905632,1.74851972,288.61376614
1984.00000000,2.00000000,0.00000864,0.00000123,2.03808485,0.93624696,0.45398960,0.06942046,0.00001674,18.13591158,0.63627148,3392.54551686,26.59059096,7.94348649,1.75107524,287.75289299
1984.00000000,3.00000000,0.00000906,0.00000123,2.02916908,0.95786372,0.45146129,0.05315284,0.00001766,24.34290296,0.64236462,3395.46044853,28.65727613,7.93823783,1.75366333,287.39962383
1984.00000000,4.00000000,0.00001148,0.00000122,2.12406873,1.05509625,0.49686942,0.07242190,0.00001907,26.19611725,0.62059686,3398.16338820,24.57753080,7.93226051,1.75596576,287.58201735
1984.00000000,5.00000000,0.00001273,0.00000122,2.26470482,1.21602596,0.57137761,0.07761273,0.00002142,27.14385217,0.58396990,3395.24140142,12.10794845,7.92389698,1.75840341,288.25576863
1984.00000000,6.00000000,0.00001014,0.00000123,2.50406924,1.45548430,0.71188502,0.13334537,0.00002389,27.24295190,0.55299257,3390.23678663,3.22397168,7.91139145,1.76136484,289.20039313
1984.00000000,7.00000000,0.00000881,0.00000123,2.58283569,1.54243687,0.77257841,0.16954927,0.00002421,27.56820396,0.54254924,3383.72488465,0.98307548,7.89718243,1.76540129,290.09425580
1984.00000000,8.00000000,0.00000840,0.00000124,2.53917276,1.47091674,0.71013782,0.13962791,0.00002258,26.88679799,0.53794773,3378.21720869,0.78338057,7.88396754,1.77047858,290.82588045
1984.00000000,9.00000000,0.00000834,0.00000124,2.53862457,1.30446332,0.60781542,0.12766873,0.00001983,25.39972644,0.55096061,3377.40988870,0.82751394,7.87629371,1.77505736,291.24372211
1984.00000000,10.00000000,0.00000694,0.00000126,2.37665272,1.10372599,0.48876152,0.04904585,0.00001815,20.82616160,0.57864953,3378.70490868,2.24803646,7.88266214,1.77819671,291.18883911
1984.00000000,11.00000000,0.00000616,0.00000126,2.26669848,1.01042256,0.46009220,0.05110350,0.00001682,17.18319192,0.60843327,3381.52048617,6.80082143,7.88690640,1.78063661,290.61109393
1984.00000000,12.00000000,0.00000613,0.00000126,2.20969833,0.96244327,0.46077434,0.07134960,0.00001621,14.29293875,0.63643720,3385.45826296,13.90442639,7.88567037,1.78314381,289.52219034
1985.00000000,1.00000000,0.00000653,0.00000124,2.06827511,0.90684519,0.43230112,0.04201446,0.00001571,14.94336491,0.65553484,3387.58339278,21.58539646,7.96653063,1.75424255,288.36837770
1985.00000000,2.00000000,0.00000824,0.00000123,2.05037906,0.93652335,0.44440498,0.05478742,0.00001735,16.86273412,0.65942088,3393.06525219,28.40519162,7.96103740,1.75668456,287.58026074
1985.00000000,3.00000000,0.00000903,0.00000122,2.02120338,0.93361414,0.43250086,0.04144391,0.00001764,23.32733968,0.64478780,3393.05435583,31.40901327,7.95596129,1.75920318,287.21774432
1985.00000000,4.00000000,0.00001049,0.00000122,2.12329033,1.07278277,0.49805454,0.06923852,0.00001950,26.50190244,0.62581068,3396.55549040,26.53950446,7.94962114,1.76174454,287.45046105
1985.00000000,5.00000000,0.00001243,0.00000122,2.26293992,1.23513556,0.59054411,0.09947341,0.00002155,27.02748454,0.58758409,3392.74013849,16.07165157,7.94063300,1.76435536,288.14250932
1985.00000000,6.00000000,0.00001017,0.00000122,2.45156324,1.40848919,0.67823034,0.11671021,0.00002305,27.64953522,0.54688302,3384.99600450,3.05319244,7.92857766,1.76732675,289.08504597
1985.00000000,7.00000000,0.00000752,0.00000121,2.57934788,1.54537621,0.77310035,0.17320408,0.00002398,28.08626379,0.53641728,3377.82745831,0.72352889,7.91467966,1.77140372,289.95156755
1985.00000000,8.00000000,0.00000856,0.00000121,2.54888370,1.46150029,0.70562344,0.13935556,0.00002240,27.52380016,0.54045182,3376.81533061,0.57389547,7.90207412,1.77613379,290.66824772
1985.00000000,9.00000000,0.00000838,0.00000122,2.46089423,1.26973604,0.59515209,0.11044802,0.00001939,25.98401570,0.55018778,3377.14396344,0.64865482,7.89520523,1.78055507,291.13912511
1985.00000000,10.00000000,0.00000704,0.00000123,2.33041302,1.09065471,0.48275397,0.04164114,0.00001780,21.01117153,0.58004074,3378.51896402,1.79351068,7.89923618,1.78373469,291.12062386
1985.00000000,11.00000000,0.00000597,0.00000124,2.29021221,1.01265865,0.45224662,0.03255244,0.00001760,15.83924284,0.61832017,3382.74292981,6.88653796,7.90184195,1.78615689,290.52959603
1985.00000000,12.00000000,0.00000670,0.00000124,2.21469269,0.96276330,0.46026116,0.07221543,0.00001636,13.75433154,0.64234906,3385.68654876,14.29111111,7.90121861,1.78828970,289.49211775
1986.00000000,1.00000000,0.00000778,0.00000123,2.07662984,0.92960545,0.44515011,0.04775354,0.00001638,13.74722941,0.64173344,3389.23036463,21.31551647,7.98092709,1.75947534,288.38859090
1986.00000000,2.00000000,0.00000786,0.00000122,2.05859406,0.93976343,0.45108045,0.06146640,0.00001681,18.75790817,0.64525862,3392.11731593,26.96209866,7.97431301,1.76191956,287.66487561
1986.00000000,3.00000000,0.00000978,0.00000120,2.07111745,0.98134783,0.46545718,0.07043035,0.00001778,24.38066860,0.63874057,3393.25783721,29.23489105,7.96907785,1.76463953,287.39540043
1986.00000000,4.00000000,0.00001068,0.00000120,2.10381581,1.05168547,0.48553704,0.05578011,0.00001902,27.93285398,0.61391717,3392.34976743,24.18028826,7.96389613,1.76712848,287.63081625
1986.00000000,5.00000000,0.00001147,0.00000121,2.24679368,1.22173779,0.56736782,0.05898702,0.00002149,27.78503667,0.58296872,3388.68124296,13.23442773,7.95513578,1.76955267,288.31485978
1986.00000000,6.00000000,0.00000963,0.00000121,2.49057876,1.45138282,0.70131795,0.11028991,0.00002395,27.49664275,0.55209211,3382.52853498,3.29401573,7.94107524,1.77254537,289.23170717
1986.00000000,7.00000000,0.00000805,0.00000121,2.61840010,1.54916672,0.77202604,0.16474132,0.00002422,28.03612217,0.53989992,3376.49017406,0.73444799,7.92570915,1.77649446,290.10577464
1986.00000000,8.00000000,0.00000682,0.00000121,2.56859617,1.46963631,0.70534749,0.13429241,0.00002276,27.91665232,0.53472878,3370.64054120,0.61567395,7.91272972,1.78162373,290.79678755
1986.00000000,9.00000000,0.00000683,0.00000122,2.52329442,1.28650637,0.60065442,0.10903062,0.00001993,25.96210475,0.54448415,3369.04833064,0.76381003,7.90510673,1.78631098,291.21845084
1986.00000000,10.00000000,0.00000736,0.00000122,2.36996485,1.12456637,0.50498115,0.06400684,0.00001830,21.02807215,0.57764475,3371.75185316,1.98255938,7.90985572,1.78945410,291.16999010
1986.00000000,11.00000000,0.00000669,0.00000121,2.30421592,1.00142019,0.45200757,0.05119157,0.00001713,17.40519859,0.60714555,3373.34518939,6.46634427,7.91255574,1.79228899,290.54842117
1986.00000000,12.00000000,0.00000560,0.00000121,2.21617166,0.96872287,0.45926693,0.07009392,0.00001630,13.44554693,0.63780730,3375.16019639,13.49730537,7.91230517,1.79468179,289.45838633
1987.00000000,1.00000000,0.00000611,0.00000119,2.08825090,0.92654463,0.43839658,0.03644262,0.00001639,13.79306889,0.65366985,3376.96309599,21.09911777,7.99150267,1.76598199,288.34437076
1987.00000000,2.00000000,0.00000655,0.00000118,2.07285915,0.94415776,0.44557713,0.04682337,0.00001734,18.01650423,0.64620035,3380.03162346,27.24695376,7.98492229,1.76837202,287.65732974
1987.00000000,3.00000000,0.00000741,0.00000117,2.07138741,0.97349660,0.45909560,0.05313343,0.00001839,24.21938203,0.64343246,3383.25120185,29.99846400,7.97893632,1.77103896,287.42155017
1987.00000000,4.00000000,0.00001047,0.00000117,2.11492691,1.03196488,0.46646261,0.03237205,0.00001921,27.24555970,0.61272935,3384.54050660,24.23661588,7.97269469,1.77347584,287.58146379
1987.00000000,5.00000000,0.00001036,0.00000117,2.24331029,1.20330416,0.56045230,0.06103282,0.00002113,29.57423114,0.57770618,3378.92167545,13.16936630,7.96378591,1.77553004,288.26936139
1987.00000000,6.00000000,0.00000835,0.00000117,2.47569546,1.44067170,0.68791292,0.09794789,0.00002410,27.79844264,0.55081737,3373.23932149,4.13518826,7.95118575,1.77811320,289.18453545
1987.00000000,7.00000000,0.00000742,0.00000116,2.59832568,1.53032662,0.75093366,0.13145140,0.00002450,27.85417481,0.52769778,3363.44991190,0.82574668,7.93511231,1.78176273,290.11951837
1987.00000000,8.00000000,0.00000745,0.00000116,2.53011878,1.43807034,0.68844050,0.12091491,0.00002225,29.03619544,0.53381208,3360.07396613,0.73450784,7.92197491,1.78619950,290.89983358
1987.00000000,9.00000000,0.00000683,0.00000116,2.43909642,1.25590907,0.57622972,0.08172013,0.00001937,26.62160824,0.53831623,3359.18178569,0.89850805,7.91415720,1.79037620,291.33622373
1987.00000000,10.00000000,0.00000613,0.00000117,2.31694672,1.05672839,0.45245146,0.00992587,0.00001747,22.84862678,0.56896465,3360.73364992,2.10351187,7.91767763,1.79313025,291.32502767
1987.00000000,11.00000000,0.00000548,0.00000117,2.20569129,0.96132766,0.41861056,0.00030658,0.00001665,17.83394538,0.60328351,3362.43270346,6.14068765,7.92101272,1.79547396,290.69909273
1987.00000000,12.00000000,0.00000547,0.00000118,2.14412829,0.92596933,0.42801127,0.03338400,0.00001620,13.09027435,0.63079269,3368.56828468,12.74886520,7.91930413,1.79746159,289.64207351
1988.00000000,1.00000000,0.00000618,0.00000118,2.05426878,0.91502893,0.43068099,0.02887799,0.00001660,15.24418295,0.64333095,3374.31054472,20.09073150,7.99614820,1.76843310,288.56977004
1988.00000000,2.00000000,0.00000759,0.00000118,2.02823024,0.91583127,0.43659245,0.04828313,0.00001669,18.77918425,0.64826750,3379.36383273,26.03701550,7.98923707,1.77067540,287.81030681
1988.00000000,3.00000000,0.00000873,0.00000117,2.02442462,0.94292104,0.44171714,0.03665803,0.00001798,23.72376304,0.63965521,3383.61791932,28.78587371,7.98278111,1.77292838,287.48977709
1988.00000000,4.00000000,0.00000975,0.00000118,2.11360898,1.06989129,0.49957149,0.06633530,0.00001976,27.45393065,0.61759324,3385.20519416,23.65593888,7.97500278,1.77528238,287.70743990
1988.00000000,5.00000000,0.00001146,0.00000118,2.28510353,1.24066513,0.58685493,0.08320583,0.00002186,28.53139951,0.58284635,3381.50553997,12.46099441,7.96494139,1.77762232,288.38021262
1988.00000000,6.00000000,0.00000889,0.00000118,2.51386425,1.46536484,0.71407259,0.12455212,0.00002417,28.62095499,0.54320107,3373.32553129,2.45547410,7.95160584,1.78028406,289.30497785
1988.00000000,7.00000000,0.00000827,0.00000118,2.58561526,1.56657698,0.78673861,0.15605961,0.00002515,27.79258451,0.53647091,3368.85119953,0.69072000,7.93665227,1.78365995,290.20052855
1988.00000000,8.00000000,0.00000882,0.00000118,2.53783453,1.45641109,0.69347131,0.10691503,0.00002298,27.72948744,0.53857446,3367.69147043,0.57312915,7.92176424,1.78817593,290.91706482
1988.00000000,9.00000000,0.00000859,0.00000119,2.46782482,1.28219061,0.59469997,0.09702641,0.00001977,25.90760652,0.54780531,3370.94965159,0.71297821,7.91317351,1.79211061,291.36236699
1988.00000000,10.00000000,0.00000764,0.00000122,2.31626922,1.07999150,0.47189383,0.03226795,0.00001782,21.59341200,0.56339272,3369.96163934,1.78113639,7.91712773,1.79469518,291.33738733
1988.00000000,11.00000000,0.00000680,0.00000123,2.21899156,0.96751624,0.43121025,0.02657576,0.00001697,15.82090446,0.59770931,3367.43194239,6.35062724,7.92205928,1.79738637,290.75002906
1988.00000000,12.00000000,0.00000609,0.00000122,2.19218215,0.97152019,0.46029359,0.06539780,0.00001702,12.16893536,0.63267475,3371.80481798,13.36614406,7.92029392,1.79966479,289.66339732
1989.00000000,1.00000000,0.00000734,0.00000121,2.07151208,0.91846480,0.43995272,0.04955902,0.00001655,13.79373068,0.64783357,3376.94495574,21.05336431,7.99919816,1.77062987,288.56310393
1989.00000000,2.00000000,0.00000832,0.00000120,2.00431507,0.90937896,0.43310536,0.04887325,0.00001646,18.65550346,0.63985703,3378.44764948,26.83506656,7.99392568,1.77283139,287.76254964
1989.00000000,3.00000000,0.00000967,0.00000118,2.00244219,0.97345803,0.46078651,0.05862289,0.00001788,23.86442974,0.64200461,3381.91739648,29.63071888,7.98794485,1.77543044,287.50184255
1989.00000000,4.00000000,0.00001013,0.00000117,2.12930383,1.09922612,0.52298371,0.08765370,0.00001982,27.85446017,0.61641869,3385.44716591,25.43028745,7.98054077,1.77822659,287.72398161
1989.00000000,5.00000000,0.00001285,0.00000117,2.28065855,1.26264803,0.60637422,0.10474051,0.00002163,29.19805528,0.58325330,3381.80084972,13.53879737,7.97144468,1.78051184,288.38629762
1989.00000000,6.00000000,0.00000964,0.00000116,2.52552853,1.49260180,0.73356930,0.14219989,0.00002398,29.11208281,0.55317182,3375.34185130,3.46128104,7.95820397,1.78342649,289.31122220
1989.00000000,7.00000000,0.00000821,0.00000116,2.62799808,1.58434546,0.79757761,0.17744189,0.00002484,28.05419997,0.53640081,3368.71353344,0.64353908,7.94338483,1.78746651,290.20403221
1989.00000000,8.00000000,0.00000705,0.00000116,2.58605845,1.50151121,0.73002965,0.14939461,0.00002319,27.72117466,0.53598284,3364.13650061,0.46012176,7.92938556,1.79261418,290.93272225
1989.00000000,9.00000000,0.00000786,0.00000116,2.52187496,1.30494003,0.60874702,0.11250997,0.00002021,25.82167934,0.54202733,3363.05797173,0.69115555,7.92114313,1.79733056,291.36346631
1989.00000000,10.00000000,0.00000723,0.00000118,2.34720960,1.10283243,0.49014365,0.05609862,0.00001806,21.25797203,0.56869731,3363.05243129,2.23277003,7.92654042,1.80083619,291.32802929
1989.00000000,11.00000000,0.00000577,0.00000118,2.25589457,0.99957769,0.44130924,0.02815018,0.00001732,16.50347072,0.59977971,3364.76409448,6.75661084,7.93123615,1.80349441,290.74893441
1989.00000000,12.00000000,0.00000638,0.00000118,2.20885766,0.95950361,0.45117912,0.05822325,0.00001658,12.29392905,0.63207325,3368.89852582,14.29603269,7.93027755,1.80590755,289.68138470
1990.00000000,1.00000000,0.00000748,0.00000117,2.07839497,0.92090181,0.43069449,0.03742305,0.00001665,15.18206389,0.64419214,3374.90225944,21.14325027,8.01126498,1.77674268,288.60173132
1990.00000000,2.00000000,0.00000795,0.00000117,2.07024257,0.95323754,0.45170193,0.05254224,0.00001741,17.53838169,0.65143429,3376.96273803,27.18707316,8.00513731,1.77903179,287.84862671
1990.00000000,3.00000000,0.00000803,0.00000116,2.08249530,0.99876793,0.47273879,0.06280197,0.00001847,22.74722985,0.62646816,3377.33938211,29.35570194,7.99872645,1.78167768,287.60264529
1990.00000000,4.00000000,0.00001058,0.00000115,2.12670285,1.09208661,0.51516062,0.08008357,0.00001975,28.18622336,0.61545245,3380.05788082,25.06429980,7.99197840,1.78439802,287.91947008
1990.00000000,5.00000000,0.00001219,0.00000115,2.28191639,1.25874060,0.59751133,0.09431433,0.00002183,29.01128981,0.58225448,3378.79651559,12.82416692,7.98295056,1.78706361,288.61246380
1990.00000000,6.00000000,0.00000988,0.00000114,2.52584371,1.47333996,0.71559264,0.13896057,0.00002379,28.73139651,0.54505522,3373.46521271,2.82143416,7.97084369,1.79002135,289.49391006
1990.00000000,7.00000000,0.00000792,0.00000115,2.60930941,1.56673595,0.78598571,0.16708307,0.00002473,28.80877116,0.53817545,3367.56039136,0.60939023,7.95732784,1.79355867,290.35452906
1990.00000000,8.00000000,0.00000783,0.00000117,2.56389158,1.48454061,0.71341804,0.12925992,0.00002317,27.72277686,0.53134972,3361.65235329,0.48940525,7.94387169,1.79861480,291.05097658
1990.00000000,9.00000000,0.00000727,0.00000117,2.49894314,1.27453914,0.58753584,0.09363165,0.00001971,26.01753779,0.53396140,3358.17047655,0.61413494,7.93506723,1.80315279,291.48091953
1990.00000000,10.00000000,0.00000720,0.00000117,2.32434459,1.07989120,0.46908668,0.02384713,0.00001787,20.87476516,0.56754190,3360.01174987,2.01895590,7.94033241,1.80600126,291.44414014
1990.00000000,11.00000000,0.00000647,0.00000118,2.20863384,0.95996704,0.41830189,0.00739360,0.00001648,16.88184992,0.59520121,3361.68225208,6.80958156,7.94346422,1.80858637,290.89241912
1990.00000000,12.00000000,0.00000629,0.00000118,2.18617905,0.93983218,0.42424455,0.03530977,0.00001641,14.12875052,0.62673731,3364.80653097,14.81922675,7.94175724,1.81084616,289.89504406
1991.00000000,1.00000000,0.00000665,0.00000118,2.07359637,0.92252702,0.43728205,0.03457713,0.00001632,14.55411325,0.65276781,3372.05768858,21.97055684,8.02148472,1.78193778,288.78047563
1991.00000000,2.00000000,0.00000794,0.00000116,2.06967884,0.95406866,0.46058668,0.05900529,0.00001751,17.93020295,0.64109843,3378.37725954,26.86568133,8.01402533,1.78431347,287.96168023
1991.00000000,3.00000000,0.00000881,0.00000115,2.06406925,0.96743388,0.45263901,0.04196843,0.00001823,24.44203898,0.63789860,3380.19661647,29.76936839,8.00725927,1.78684966,287.64863623
1991.00000000,4.00000000,0.00001058,0.00000115,2.13952823,1.08366341,0.50383183,0.07070810,0.00001965,28.41629944,0.61483122,3381.69802170,24.91949584,8.00068674,1.78922413,287.87185501
1991.00000000,5.00000000,0.00001151,0.00000116,2.27470360,1.21848265,0.56257541,0.05786922,0.00002113,30.22100150,0.57724156,3376.96615979,12.99100723,7.99198181,1.79153560,288.54666687
1991.00000000,6.00000000,0.00000874,0.00000117,2.52482677,1.48104356,0.71116383,0.10322996,0.00002431,28.64559255,0.55159563,3372.76637921,2.60229887,7.97848284,1.79419523,289.48269401
1991.00000000,7.00000000,0.00000778,0.00000116,2.62370734,1.56189048,0.77813288,0.14928814,0.00002483,28.16319339,0.53236218,3365.76078837,0.77432007,7.96212922,1.79804966,290.39436161
1991.00000000,8.00000000,0.00000772,0.00000116,2.55631398,1.44767602,0.68809082,0.10573500,0.00002250,28.38316365,0.52620970,3359.64105932,0.60258121,7.94745015,1.80287020,291.09198257
1991.00000000,9.00000000,0.00000640,0.00000117,2.46405478,1.26442130,0.58036797,0.07922976,0.00001928,26.49522151,0.53151086,3355.27316089,0.65536035,7.93902206,1.80707911,291.51418340
1991.00000000,10.00000000,0.00000612,0.00000117,2.34544845,1.06514682,0.45626409,0.01021053,0.00001744,21.63887918,0.56143253,3354.51406276,1.88974911,7.94227417,1.80974456,291.49534607
1991.00000000,11.00000000,0.00000537,0.00000117,2.24535486,0.98007516,0.43533685,0.02420389,0.00001660,16.95340446,0.59511695,3355.80988823,6.37896994,7.94655187,1.81226582,290.89122436
1991.00000000,12.00000000,0.00000534,0.00000118,2.19704877,0.94963585,0.44243186,0.04817149,0.00001627,13.34373956,0.63523114,3359.59707822,13.52102740,7.94503373,1.81463621,289.80805615
1992.00000000,1.00000000,0.00000556,0.00000117,2.06630291,0.90953961,0.43275382,0.03487980,0.00001570,14.54319192,0.63875374,3364.68133126,20.40453498,8.02436966,1.78572256,288.67502530
1992.00000000,2.00000000,0.00000649,0.00000117,2.05336527,0.93475910,0.44392373,0.04799867,0.00001696,18.06586433,0.64130089,3369.45074293,26.04586066,8.01771770,1.78806020,287.91558393
1992.00000000,3.00000000,0.00000794,0.00000116,2.04192518,0.95930089,0.44975488,0.04463726,0.00001749,24.61751214,0.63001251,3371.26873256,28.70568202,8.01166185,1.79025009,287.61330495
1992.00000000,4.00000000,0.00000923,0.00000115,2.12711930,1.06226741,0.49514252,0.06464460,0.00001935,28.81792869,0.61437574,3372.67415405,25.54962418,8.00488243,1.79253622,287.83878049
1992.00000000,5.00000000,0.00001106,0.00000115,2.24652822,1.21654235,0.56659086,0.06614247,0.00002145,30.10190406,0.58123710,3368.78745239,13.64105695,7.99609123,1.79492127,288.49665657
1992.00000000,6.00000000,0.00000826,0.00000115,2.48740449,1.44873887,0.70374305,0.11967106,0.00002369,28.70836953,0.54552275,3361.72973058,4.02210877,7.98297211,1.79761079,289.38787565
1992.00000000,7.00000000,0.00000704,0.00000115,2.58311039,1.53827848,0.77541422,0.17892037,0.00002391,28.71637225,0.53092112,3355.34448408,0.92154307,7.96867811,1.80127128,290.22936843
1992.00000000,8.00000000,0.00000728,0.00000115,2.53873546,1.45051013,0.70043079,0.13485125,0.00002222,28.60975562,0.53388606,3352.91818269,0.69259010,7.95616158,1.80620892,290.87539492
1992.00000000,9.00000000,0.00000698,0.00000115,2.49244107,1.28450358,0.60088875,0.11411016,0.00001948,26.66561027,0.54601804,3355.99008005,0.81974515,7.94936448,1.81038161,291.28577797
1992.00000000,10.00000000,0.00000632,0.00000115,2.33402671,1.08619465,0.49226080,0.06014424,0.00001764,20.77811989,0.56791796,3356.32304833,2.76214910,7.95443342,1.81389165,291.21434856
1992.00000000,11.00000000,0.00000563,0.00000116,2.22280443,0.97789355,0.43565871,0.02661592,0.00001656,16.46358867,0.61016741,3358.88838825,7.97031838,7.95687332,1.81663387,290.57788145
1992.00000000,12.00000000,0.00000600,0.00000116,2.21649047,0.97164113,0.45809402,0.06277495,0.00001650,12.61921594,0.63999173,3364.52972923,15.08742705,7.95537059,1.81908432,289.51407772
1993.00000000,1.00000000,0.00000723,0.00000116,2.09890249,0.93610726,0.44924690,0.04862408,0.00001670,13.29436197,0.65975328,3368.85439341,22.83587563,8.03509078,1.79031553,288.45806580
1993.00000000,2.00000000,0.00000721,0.00000116,2.08113397,0.95513479,0.46208398,0.06692659,0.00001736,17.75026681,0.65360908,3375.15549383,28.90877420,8.02863540,1.79304934,287.71482965
1993.00000000,3.00000000,0.00000858,0.00000115,2.05004649,0.96461935,0.45576117,0.05443889,0.00001780,23.20797032,0.63801280,3377.68963506,31.30222810,8.02432539,1.79570277,287.41901113
1993.00000000,4.00000000,0.00000976,0.00000114,2.11081874,1.04859036,0.48310287,0.05163590,0.00001919,27.71611775,0.61345613,3377.85155634,25.51526491,8.01809080,1.79832373,287.65411293
1993.00000000,5.00000000,0.00001138,0.00000115,2.28579770,1.24432575,0.58778181,0.08000923,0.00002179,28.85587832,0.58327416,3375.46748364,14.11875861,8.00885838,1.80061441,288.36499240
1993.00000000,6.00000000,0.00000963,0.00000115,2.51634462,1.46841613,0.71751260,0.13734553,0.00002416,27.69150998,0.55209850,3370.11742593,3.23938005,7.99659208,1.80324871,289.30553059
1993.00000000,7.00000000,0.00000755,0.00000115,2.63060928,1.56676219,0.78666104,0.16692027,0.00002443,27.71491278,0.53552888,3364.51419148,0.74276204,7.98251999,1.80716366,290.17740823
1993.00000000,8.00000000,0.00000738,0.00000115,2.54662745,1.46704271,0.70995747,0.13055780,0.00002243,27.72979856,0.53422810,3359.39465726,0.59871703,7.96927163,1.81197506,290.88947711
1993.00000000,9.00000000,0.00000708,0.00000115,2.46134241,1.26751665,0.59663682,0.10844233,0.00001954,26.41799203,0.54496810,3360.24353467,0.75059530,7.96122586,1.81691029,291.30805754
1993.00000000,10.00000000,0.00000611,0.00000117,2.31373906,1.07312885,0.46856538,0.02450717,0.00001777,21.02769654,0.57014727,3360.11126454,2.38019072,7.96614104,1.82041881,291.23680839
1993.00000000,11.00000000,0.00000602,0.00000117,2.22881870,0.96606325,0.42222461,0.01491685,0.00001682,17.74482082,0.61315095,3362.43434114,6.85863756,7.96955631,1.82279276,290.64812209
1993.00000000,12.00000000,0.00000678,0.00000117,2.18367047,0.94753219,0.44214703,0.05790748,0.00001652,12.88797816,0.63690606,3366.10108747,13.65122351,7.96958627,1.82497050,289.55459420
1994.00000000,1.00000000,0.00000670,0.00000117,2.05593618,0.91372187,0.43253299,0.02879239,0.00001614,14.53390016,0.64772367,3371.05442428,22.07102408,8.04985603,1.79582299,288.46463497
1994.00000000,2.00000000,0.00000800,0.00000117,2.03169311,0.92936209,0.44746446,0.05588923,0.00001687,17.40646830,0.65292146,3377.04660442,28.27133859,8.04291648,1.79819617,287.73214177
1994.00000000,3.00000000,0.00001007,0.00000117,2.04582461,0.96676153,0.45821912,0.05470994,0.00001816,21.58950715,0.63810127,3380.18601957,30.67778997,8.03608655,1.80071861,287.37961386
1994.00000000,4.00000000,0.00001094,0.00000117,2.12716028,1.04890133,0.47555732,0.04050457,0.00001920,27.35963570,0.60736419,3377.69745779,25.24111385,8.02827759,1.80337047,287.63293205
1994.00000000,5.00000000,0.00001145,0.00000118,2.24177389,1.19923711,0.55499065,0.04872503,0.00002145,28.23646800,0.57456379,3372.64285727,13.14359296,8.01882235,1.80577053,288.36725054
1994.00000000,6.00000000,0.00000986,0.00000118,2.45399495,1.42244137,0.67034496,0.07668701,0.00002337,28.26095033,0.54526048,3366.16325676,2.94371710,8.00580582,1.80842408,289.33530395
1994.00000000,7.00000000,0.00000772,0.00000118,2.55572670,1.52420141,0.75595645,0.13019990,0.00002403,28.19729695,0.53164278,3361.59129417,0.72716457,7.98938670,1.81207094,290.20869083
1994.00000000,8.00000000,0.00000784,0.00000118,2.50564927,1.43027895,0.68142000,0.10107919,0.00002221,27.86487892,0.53246890,3357.96987754,0.63465350,7.97347883,1.81693997,290.93512858
1994.00000000,9.00000000,0.00000737,0.00000119,2.43019438,1.23698224,0.56148331,0.06081968,0.00001914,26.12096196,0.53503175,3358.17993537,0.71457830,7.96403812,1.82121462,291.37972312
1994.00000000,10.00000000,0.00000645,0.00000120,2.29767220,1.06738184,0.45897489,0.00915936,0.00001730,21.78549609,0.57288593,3360.31532902,1.77526185,7.96550296,1.82377888,291.40423408
1994.00000000,11.00000000,0.00000582,0.00000121,2.26617609,0.98298364,0.43078600,0.01338570,0.00001704,16.10006847,0.60587250,3362.45560513,6.54415953,7.96831280,1.82610584,290.86158655
1994.00000000,12.00000000,0.00000572,0.00000120,2.21421916,0.94633222,0.43240868,0.03233705,0.00001665,13.38377347,0.63823315,3367.04907306,13.55746530,7.96720429,1.82785302,289.80656488
1995.00000000,1.00000000,0.00000656,0.00000120,2.09731610,0.92044997,0.43715493,0.03468371,0.00001661,13.58787176,0.63958168,3371.45163202,20.18574659,8.04612557,1.79860176,288.68904665
1995.00000000,2.00000000,0.00000736,0.00000119,2.05213522,0.93111183,0.44550826,0.05360564,0.00001695,17.81712284,0.63667005,3375.34617671,25.76835603,8.03997497,1.80074944,287.96272494
1995.00000000,3.00000000,0.00000869,0.00000118,2.04170477,0.98031678,0.46386817,0.06083891,0.00001843,23.62712204,0.63511147,3379.25133778,28.21285186,8.03426635,1.80317329,287.69024422
1995.00000000,4.00000000,0.00001072,0.00000117,2.13388987,1.07571755,0.50705058,0.07728820,0.00001972,27.90750131,0.61038699,3378.81684140,24.01966967,8.02696021,1.80565960,287.88306394
1995.00000000,5.00000000,0.00001149,0.00000118,2.26855120,1.22761486,0.57708569,0.07572292,0.00002151,28.96798884,0.58231666,3375.79724875,12.66557142,8.01730040,1.80809149,288.55135327
1995.00000000,6.00000000,0.00000919,0.00000118,2.49172583,1.46504099,0.70853476,0.10834279,0.00002406,28.29961464,0.54423222,3367.90746090,2.65359833,8.00412191,1.81116257,289.48642152
1995.00000000,7.00000000,0.00000847,0.00000117,2.57821338,1.55721127,0.77832452,0.15630755,0.00002499,27.63060477,0.53465654,3362.37510260,0.78834054,7.98834699,1.81495992,290.39118555
1995.00000000,8.00000000,0.00000848,0.00000119,2.53633812,1.44760686,0.68524751,0.09923598,0.00002298,26.93961544,0.53239318,3360.01228400,0.74667562,7.97279972,1.81973365,291.11354285
1995.00000000,9.00000000,0.00000734,0.00000121,2.45457005,1.25363374,0.57376317,0.07256882,0.00001966,26.05026822,0.53831974,3356.48114602,0.87625014,7.96398422,1.82368269,291.58137824
1995.00000000,10.00000000,0.00000710,0.00000122,2.34527295,1.08469819,0.46270863,0.01772288,0.00001788,20.92232244,0.56642083,3358.12320284,2.02375718,7.96738852,1.82636164,291.54961020
1995.00000000,11.00000000,0.00000678,0.00000122,2.23681032,0.96539657,0.43150970,0.02600731,0.00001687,15.39947530,0.59388478,3359.15858472,6.60899421,7.97242216,1.82868677,290.96038992
1995.00000000,12.00000000,0.00000623,0.00000122,2.17220997,0.94102339,0.43798658,0.04673760,0.00001668,13.49968677,0.62346805,3362.77414754,13.12852155,7.97160412,1.83078502,289.87024377
1996.00000000,1.00000000,0.00000750,0.00000121,2.06939321,0.92392130,0.44185052,0.05029369,0.00001657,14.51948823,0.64661994,3371.15126643,20.17164443,8.05047868,1.80196912,288.73869387
1996.00000000,2.00000000,0.00000890,0.00000120,2.02566550,0.93140598,0.44916144,0.06493291,0.00001686,17.93454024,0.64284044,3376.57381562,25.77991951,8.04474382,1.80456233,287.92429120
1996.00000000,3.00000000,0.00000876,0.00000120,2.01373735,0.95850172,0.45752372,0.06136160,0.00001786,24.25792579,0.64345798,3380.52112057,29.00534913,8.03861942,1.80734357,287.60279823
1996.00000000,4.00000000,0.00001053,0.00000120,2.10693011,1.05364023,0.49314248,0.07095030,0.00001961,27.23640004,0.62415243,3382.70303424,25.72404399,8.03214325,1.80987204,287.72904889
1996.00000000,5.00000000,0.00001122,0.00000120,2.28628215,1.22332433,0.57387136,0.07334510,0.00002129,29.13894019,0.57868888,3377.99128990,14.46834154,8.02239608,1.81233099,288.35454054
1996.00000000,6.00000000,0.00001042,0.00000120,2.49781434,1.45231511,0.70010755,0.11325968,0.00002383,28.48941021,0.55137639,3372.17708391,3.96054635,8.00957203,1.81503034,289.27805022
1996.00000000,7.00000000,0.00000863,0.00000120,2.59744568,1.55534681,0.78176559,0.17128080,0.00002453,28.14862814,0.53425380,3365.00670121,0.78881301,7.99482239,1.81886260,290.17436334
1996.00000000,8.00000000,0.00000784,0.00000121,2.55080236,1.47748909,0.71209417,0.13681418,0.00002267,27.98814122,0.53601708,3361.80857268,0.60522406,7.98078846,1.82408102,290.92353410
1996.00000000,9.00000000,0.00000724,0.00000122,2.51469476,1.29970945,0.60658833,0.11421163,0.00002002,25.39490661,0.54465929,3362.32692184,0.72873358,7.97245291,1.82897653,291.35889263
1996.00000000,10.00000000,0.00000764,0.00000123,2.37494250,1.10965717,0.49566075,0.05695527,0.00001799,21.08370763,0.57417535,3365.05422569,1.98033136,7.97694522,1.83259370,291.29635012
1996.00000000,11.00000000,0.00000679,0.00000124,2.24845706,0.97439648,0.43815106,0.03259989,0.00001652,15.88767610,0.60321847,3367.40689011,6.78812795,7.98039893,1.83515750,290.69137140
1996.00000000,12.00000000,0.00000684,0.00000124,2.19312089,0.95383611,0.44197079,0.04825049,0.00001644,11.88672301,0.62426921,3371.35409894,14.60591029,7.97935080,1.83740756,289.61258578
1997.00000000,1.00000000,0.00000719,0.00000123,2.08875910,0.92906125,0.44274876,0.04483011,0.00001668,12.77844725,0.65649640,3377.32656187,23.45625622,8.05951238,1.80850542,288.55922250
1997.00000000,2.00000000,0.00000948,0.00000122,2.08036443,0.95434698,0.46032576,0.07219405,0.00001778,15.45170036,0.65427450,3386.08218313,28.85899725,8.05314766,1.81098964,287.77881860
1997.00000000,3.00000000,0.00000911,0.00000122,2.06837345,0.98037125,0.46514440,0.05864763,0.00001840,22.44043421,0.63982589,3385.23740784,31.63934494,8.04703935,1.81351887,287.48948039
1997.00000000,4.00000000,0.00001051,0.00000121,2.16912353,1.11184933,0.52445417,0.08871843,0.00002024,26.33516672,0.61828929,3387.07089037,26.08034790,8.04000339,1.81619032,287.70402801
1997.00000000,5.00000000,0.00001145,0.00000120,2.30561729,1.25465897,0.59602088,0.08505371,0.00002236,28.18454989,0.58290278,3381.57037210,13.85664215,8.03028988,1.81896781,288.37952769
1997.00000000,6.00000000,0.00000816,0.00000120,2.55621662,1.50789537,0.72847170,0.11700175,0.00002472,27.88727442,0.54722147,3372.46096406,2.93078005,8.01664103,1.82220392,289.32990427
1997.00000000,7.00000000,0.00000811,0.00000119,2.65745969,1.58303454,0.79139657,0.16633287,0.00002491,27.01453676,0.53059114,3366.12202804,0.79996319,8.00168770,1.82588700,290.25589610
1997.00000000,8.00000000,0.00000738,0.00000120,2.58954552,1.47972701,0.70821090,0.11328410,0.00002326,26.78355994,0.52557563,3357.47839253,0.70098030,7.98769496,1.83078536,291.00103632
1997.00000000,9.00000000,0.00000641,0.00000120,2.50050281,1.28179281,0.58535850,0.07463439,0.00001988,25.71530403,0.53073719,3352.73960902,0.80515799,7.97932579,1.83534799,291.46385368
1997.00000000,10.00000000,0.00000593,0.00000120,2.34378583,1.06437299,0.44456639,-0.00283277,0.00001810,21.11580044,0.56431270,3353.75561954,2.09899076,7.98531805,1.83798604,291.47991653
1997.00000000,11.00000000,0.00000590,0.00000121,2.22522867,0.96162573,0.41800675,0.00603932,0.00001663,16.21087525,0.59281102,3358.46496090,5.90968526,7.99134907,1.83999664,290.90147087
1997.00000000,12.00000000,0.00000557,0.00000121,2.20599450,0.96323520,0.45048973,0.05333103,0.00001698,12.49797412,0.63201582,3368.47248951,11.87434975,7.98991965,1.84182666,289.82595867
1998.00000000,1.00000000,0.00000637,0.00000121,2.09733708,0.94498511,0.45265631,0.04504989,0.00001713,13.73155007,0.65440660,3376.23710580,19.20629035,8.06971430,1.81248797,288.70638394
1998.00000000,2.00000000,0.00000793,0.00000120,2.06560977,0.95361549,0.45499331,0.04608302,0.00001787,16.23626755,0.64824161,3381.47227096,24.59585994,8.06249903,1.81461907,287.95751403
1998.00000000,3.00000000,0.00000857,0.00000119,2.02886812,0.94658199,0.44635596,0.04410879,0.00001817,24.12564495,0.63663504,3383.00155446,27.37603835,8.05572782,1.81678473,287.70620692
1998.00000000,4.00000000,0.00001025,0.00000118,2.08526159,1.05187324,0.46493549,0.02205741,0.00001989,27.27077993,0.61604685,3383.97692910,23.13495641,8.04852189,1.81916787,287.94502658
1998.00000000,5.00000000,0.00001156,0.00000119,2.28678243,1.26267063,0.58842452,0.06987300,0.00002226,27.95501735,0.58078542,3381.57848030,12.58773002,8.03787303,1.82140888,288.65935066
1998.00000000,6.00000000,0.00001063,0.00000118,2.51332820,1.46137731,0.70165479,0.10736044,0.00002408,28.03291863,0.54806989,3373.88123569,2.69675543,8.02398400,1.82402246,289.60237508
1998.00000000,7.00000000,0.00000849,0.00000118,2.62322720,1.57964518,0.77963888,0.13855607,0.00002520,27.06467434,0.53997464,3369.56811383,0.67885728,8.00751440,1.82794234,290.51374092
1998.00000000,8.00000000,0.00000880,0.00000119,2.56937354,1.48402352,0.70841242,0.11457012,0.00002333,27.17111880,0.54004059,3366.93614236,0.51149166,7.99176335,1.83234770,291.26642699
1998.00000000,9.00000000,0.00000809,0.00000120,2.50160057,1.29656124,0.59733921,0.09263597,0.00002037,25.85361808,0.54669391,3366.54931875,0.68743874,7.98225292,1.83643219,291.70120543
1998.00000000,10.00000000,0.00000799,0.00000121,2.35078731,1.10466333,0.48244278,0.03598803,0.00001842,20.59694945,0.57600688,3370.03052707,2.29656772,7.98738377,1.83928403,291.66106834
1998.00000000,11.00000000,0.00000676,0.00000124,2.26621443,1.00488197,0.45087796,0.03540193,0.00001755,15.35763702,0.60875927,3373.15895469,6.53947230,7.99038768,1.84187456,291.06618794
1998.00000000,12.00000000,0.00000673,0.00000124,2.21600030,0.95929059,0.44654411,0.04842497,0.00001685,11.28018643,0.62638848,3376.39749270,12.63792677,7.98834974,1.84408350,289.96510452
1999.00000000,1.00000000,0.00000820,0.00000123,2.06393445,0.92899017,0.43903555,0.04159006,0.00001661,13.67497621,0.64314436,3382.39405413,20.34312782,8.06925663,1.81524001,288.84587973
1999.00000000,2.00000000,0.00000910,0.00000122,2.06724483,0.97092779,0.46759092,0.07014786,0.00001793,16.01443780,0.64072543,3386.46466599,26.49068867,8.06263597,1.81803398,288.10454838
1999.00000000,3.00000000,0.00000961,0.00000121,2.06332698,1.00263153,0.48325626,0.07951833,0.00001884,22.67842359,0.64346348,3390.28754114,29.68707213,8.05662535,1.82081941,287.85023312
1999.00000000,4.00000000,0.00001121,0.00000121,2.14491551,1.08821318,0.51217641,0.08160362,0.00001999,26.24540746,0.61396156,3391.00199769,24.83476192,8.04982896,1.82345824,287.99616839
1999.00000000,5.00000000,0.00001242,0.00000122,2.28127985,1.24565886,0.59028572,0.09148974,0.00002159,28.10971133,0.57892224,3385.72575908,12.63447244,8.04083431,1.82622094,288.62631065
1999.00000000,6.00000000,0.00000932,0.00000122,2.50506570,1.45944088,0.69923302,0.10591970,0.00002389,28.11582073,0.54393966,3375.72827715,2.89169214,8.02806654,1.82937212,289.52845427
1999.00000000,7.00000000,0.00000860,0.00000121,2.59767757,1.56548702,0.77815849,0.14784041,0.00002491,28.45568146,0.53518314,3370.06254141,0.73968219,8.01313254,1.83349641,290.41070019
1999.00000000,8.00000000,0.00000888,0.00000122,2.52827296,1.45554356,0.69880835,0.12570214,0.00002269,27.30793636,0.53449637,3365.51645909,0.61298102,7.99941999,1.83852419,291.14051689
1999.00000000,9.00000000,0.00000877,0.00000122,2.46564442,1.29076744,0.59443855,0.08732943,0.00002004,25.86842040,0.54466789,3365.38622114,0.77717737,7.99079366,1.84280883,291.58329635
1999.00000000,10.00000000,0.00000814,0.00000125,2.33466525,1.09067391,0.47745867,0.03866622,0.00001815,20.16254516,0.57671076,3368.27089169,2.08590520,7.99564627,1.84573848,291.56587947
1999.00000000,11.00000000,0.00000694,0.00000125,2.26762833,1.02205272,0.45716268,0.04147689,0.00001776,15.06415720,0.60208777,3371.04111119,6.52194566,7.99990321,1.84812131,290.96745945
1999.00000000,12.00000000,0.00000700,0.00000125,2.22869847,0.98207346,0.46777416,0.07386302,0.00001747,10.26762398,0.62261341,3372.53300596,12.91405815,7.99824502,1.85039266,289.89588275
2000.00000000,1.00000000,0.00000700,0.00000125,2.10029894,0.94581157,0.45537629,0.05565834,0.00001724,12.75111242,0.65537899,3375.55028992,20.86964130,8.07998604,1.82115747,288.76543615
2000.00000000,2.00000000,0.00000949,0.00000123,2.06898831,0.96540957,0.46849593,0.07311211,0.00001757,15.39154605,0.65147176,3381.09066092,26.11188045,8.07448823,1.82349286,287.98319059
2000.00000000,3.00000000,0.00001000,0.00000121,2.06877700,1.01442530,0.49322743,0.08158816,0.00001877,20.89124579,0.63791147,3387.88840295,27.30676226,8.06787678,1.82608144,287.64785825
2000.00000000,4.00000000,0.00001165,0.00000120,2.16519408,1.13603979,0.53793786,0.08811704,0.00002024,25.76239803,0.61637022,3388.17053634,22.78962046,8.05980392,1.82890945,287.89687804
2000.00000000,5.00000000,0.00001187,0.00000120,2.33716631,1.28143750,0.61655258,0.10285219,0.00002227,28.20406282,0.57702852,3382.52782808,12.04644884,8.04906543,1.83167237,288.64566721
2000.00000000,6.00000000,0.00001008,0.00000120,2.56402620,1.48869856,0.71864100,0.12662352,0.00002440,27.92432195,0.54609060,3375.76939755,2.82166408,8.03621685,1.83459200,289.56474846
2000.00000000,7.00000000,0.00000793,0.00000120,2.62721065,1.56458927,0.78118492,0.16972069,0.00002458,27.81914623,0.53292203,3369.09395008,0.72292994,8.02355808,1.83858908,290.44249785
2000.00000000,8.00000000,0.00000790,0.00000121,2.53761563,1.45873343,0.69261038,0.11481102,0.00002250,28.33577897,0.53515793,3365.61333857,0.60283218,8.01182497,1.84353666,291.15500376
2000.00000000,9.00000000,0.00000773,0.00000122,2.49852091,1.28692901,0.59027280,0.08843208,0.00002007,25.09063635,0.54227999,3363.93336761,0.73968760,8.00405976,1.84785290,291.60443538
2000.00000000,10.00000000,0.00000765,0.00000122,2.34310364,1.08587618,0.47524245,0.03381817,0.00001787,21.05735316,0.57678605,3367.43945796,1.90988341,8.00797242,1.85123105,291.53694529
2000.00000000,11.00000000,0.00000684,0.00000123,2.32585029,1.04087416,0.47113379,0.05221730,0.00001791,15.55500458,0.62056888,3373.32094862,5.99026325,8.01054230,1.85363580,290.89001129
2000.00000000,12.00000000,0.00000663,0.00000124,2.25721679,1.00045051,0.48004786,0.08171146,0.00001732,12.08602460,0.64237787,3376.60906905,12.46847425,8.00872129,1.85605446,289.74498629
2001.00000000,1.00000000,0.00000786,0.00000123,2.09292419,0.93952773,0.44810150,0.05832769,0.00001667,13.14420321,0.65295919,3379.89798348,19.61811963,8.09219616,1.82624955,288.61625443
2001.00000000,2.00000000,0.00000847,0.00000122,2.06693865,0.95246768,0.45105453,0.05672121,0.00001759,15.97243928,0.65556330,3383.99204039,25.45313131,8.08705279,1.82875663,287.84702546
2001.00000000,3.00000000,0.00000983,0.00000121,2.05670018,1.00439859,0.47488059,0.06500449,0.00001878,21.30873236,0.64635987,3387.52714141,28.36869865,8.08156593,1.83138349,287.59047839
2001.00000000,4.00000000,0.00001061,0.00000121,2.15136098,1.09441252,0.51590747,0.07355854,0.00002004,26.23019375,0.61402108,3386.61213778,23.36001809,8.07430435,1.83416755,287.87409085
2001.00000000,5.00000000,0.00001095,0.00000122,2.29355108,1.24591795,0.57824367,0.06013668,0.00002184,28.70723262,0.57373800,3378.24924383,10.97070407,8.06482448,1.83645685,288.60642992
2001.00000000,6.00000000,0.00000917,0.00000120,2.52676713,1.47639075,0.71209181,0.12256336,0.00002390,28.68023278,0.54644270,3373.46776832,2.20036382,8.05187963,1.83948878,289.55865813
2001.00000000,7.00000000,0.00000741,0.00000121,2.60308359,1.54931132,0.76273579,0.13809005,0.00002450,28.24515933,0.53129199,3364.50013255,0.72169846,8.03735164,1.84378325,290.42280868
2001.00000000,8.00000000,0.00000756,0.00000121,2.53123459,1.45506761,0.68555748,0.08894995,0.00002289,27.80409894,0.52952212,3360.08973438,0.54983624,8.02361653,1.84861259,291.16205493
2001.00000000,9.00000000,0.00000668,0.00000123,2.46580791,1.28824744,0.58728204,0.07653268,0.00001970,25.86206781,0.54087210,3357.94595677,0.59360764,8.01472235,1.85291863,291.62000414
2001.00000000,10.00000000,0.00000720,0.00000123,2.38220233,1.11054017,0.48435733,0.03154088,0.00001857,20.27882726,0.57075159,3360.15994734,1.84602602,8.01699399,1.85619011,291.59219662
2001.00000000,11.00000000,0.00000611,0.00000123,2.29151456,1.02807577,0.46198909,0.04114697,0.00001761,14.71986177,0.59508195,3362.30853436,5.92815493,8.02019322,1.85880979,290.99879948
2001.00000000,12.00000000,0.00000623,0.00000122,2.22019668,0.96414544,0.44785616,0.04680508,0.00001687,12.76364259,0.62750708,3366.24290994,12.03180630,8.01865575,1.86119078,289.95334868
2002.00000000,1.00000000,0.00000709,0.00000121,2.08123127,0.94172885,0.45018375,0.04649897,0.00001692,13.20848994,0.64216177,3370.62011241,18.84698905,8.09966041,1.83188564,288.83611903
2002.00000000,2.00000000,0.00000718,0.00000120,2.06704411,0.96371119,0.45997095,0.05522908,0.00001761,16.13789125,0.63747635,3373.94863453,24.04304541,8.09266159,1.83446664,288.06667372
2002.00000000,3.00000000,0.00000850,0.00000119,2.07393368,0.99703680,0.46930838,0.05586367,0.00001879,22.83104301,0.62646553,3375.69547190,26.64328447,8.08601374,1.83720840,287.84345012
2002.00000000,4.00000000,0.00001021,0.00000118,2.12475253,1.06132898,0.49017267,0.05252496,0.00001958,28.34259267,0.61211462,3376.13681524,23.82048954,8.07885087,1.83988544,288.13665850
2002.00000000,5.00000000,0.00001231,0.00000118,2.23763302,1.20498485,0.55675711,0.05737172,0.00002157,28.41653331,0.57695068,3372.16249201,13.08213461,8.07091875,1.84218348,288.78727880
2002.00000000,6.00000000,0.00000950,0.00000119,2.47467072,1.45003812,0.69207822,0.09309390,0.00002424,27.73247610,0.54230659,3364.84415242,2.63564830,8.05736370,1.84522563,289.68788053
2002.00000000,7.00000000,0.00000729,0.00000118,2.54352194,1.51420609,0.73868661,0.10621716,0.00002437,28.68162041,0.52157032,3354.22851899,0.69772479,8.04167510,1.84876323,290.58376295
2002.00000000,8.00000000,0.00000831,0.00000118,2.47120136,1.41857783,0.67074383,0.09142633,0.00002210,28.18693187,0.52631382,3349.99255756,0.65979972,8.02801822,1.85304621,291.33343278
2002.00000000,9.00000000,0.00000704,0.00000121,2.44727313,1.26719950,0.57163878,0.05955041,0.00001997,25.37964820,0.53751814,3348.35172468,0.80934397,8.01785522,1.85721867,291.76113790
2002.00000000,10.00000000,0.00000667,0.00000121,2.27168798,1.00694719,0.43029657,-0.00661193,0.00001740,22.44641458,0.56577253,3349.85864393,2.33383265,8.02208987,1.86000836,291.71598747
2002.00000000,11.00000000,0.00000667,0.00000121,2.16975838,0.95455477,0.41374633,0.00584241,0.00001686,16.34970596,0.60237075,3356.15259461,6.05414059,8.02513549,1.86233105,291.07451330
2002.00000000,12.00000000,0.00000671,0.00000121,2.15295916,0.93061242,0.42503951,0.03775082,0.00001677,13.56606301,0.63341285,3358.80866785,11.94373856,8.02305825,1.86434102,290.03695159
2003.00000000,1.00000000,0.00000630,0.00000122,2.03861240,0.91043161,0.43511668,0.03689027,0.00001656,13.37590572,0.64231849,3364.18679852,19.04945254,8.10294145,1.83463219,288.89436216
2003.00000000,2.00000000,0.00000746,0.00000122,2.00176647,0.91863291,0.43701146,0.04001284,0.00001747,17.98700864,0.65450135,3368.82886160,25.30910787,8.09586307,1.83688339,288.12761904
2003.00000000,3.00000000,0.00000868,0.00000122,2.00757314,0.95620278,0.45072587,0.04397413,0.00001832,23.05976862,0.64132519,3373.48209311,27.52449780,8.08885946,1.83934760,287.77038055
2003.00000000,4.00000000,0.00001005,0.00000122,2.11051331,1.07043950,0.49787822,0.06060471,0.00001990,27.54674249,0.61580222,3375.34075115,22.62827773,8.08096446,1.84187527,287.96974878
2003.00000000,5.00000000,0.00001144,0.00000123,2.24182598,1.22278327,0.57476748,0.06179957,0.00002162,27.84923553,0.57069994,3369.63696563,11.26187008,8.07023435,1.84422330,288.63742020
2003.00000000,6.00000000,0.00000907,0.00000123,2.48577344,1.46407305,0.70329887,0.10287042,0.00002433,28.42785963,0.54287363,3362.36441010,2.54298456,8.05519726,1.84702357,289.59674853
2003.00000000,7.00000000,0.00000793,0.00000121,2.59156978,1.55763021,0.77766743,0.15608104,0.00002489,27.98032364,0.53120140,3356.99160797,0.67652798,8.03992254,1.85068437,290.49247875
2003.00000000,8.00000000,0.00000761,0.00000120,2.49307695,1.44394299,0.68993138,0.10344003,0.00002274,28.10427668,0.53117533,3351.74452075,0.57572008,8.02671397,1.85500892,291.21691140
2003.00000000,9.00000000,0.00000777,0.00000120,2.43623343,1.28498864,0.59556191,0.09416588,0.00001999,25.65971723,0.54267091,3353.51098880,0.64380035,8.01751894,1.85932266,291.66101610
2003.00000000,10.00000000,0.00000734,0.00000121,2.33651522,1.08184526,0.46611253,0.01988468,0.00001815,19.74253738,0.56485493,3354.37430227,1.68573767,8.01961319,1.86255729,291.64003621
2003.00000000,11.00000000,0.00000623,0.00000121,2.20769731,0.96423334,0.42090027,0.00676590,0.00001696,17.40634510,0.60644182,3355.44646985,5.94951294,8.02429567,1.86507995,291.08732923
2003.00000000,12.00000000,0.00000628,0.00000121,2.15752215,0.94427935,0.43844218,0.04671743,0.00001677,12.18492341,0.62499357,3357.85142044,12.84728036,8.02321901,1.86731108,290.06368528
2004.00000000,1.00000000,0.00000617,0.00000120,2.04576618,0.92317413,0.44085694,0.03265660,0.00001683,14.49247289,0.64922195,3364.11325406,20.88481299,8.10257563,1.83790350,288.96171423
2004.00000000,2.00000000,0.00000822,0.00000119,2.03382606,0.94765751,0.46393532,0.06218331,0.00001780,15.45673092,0.65292089,3372.01645753,27.20356392,8.09546526,1.84004851,288.16751107
2004.00000000,3.00000000,0.00000911,0.00000120,2.01230502,0.97072901,0.46107081,0.04876175,0.00001853,22.14752385,0.63005298,3374.67933830,28.63772648,8.08951349,1.84219111,287.84143721
2004.00000000,4.00000000,0.00000876,0.00000120,2.09977391,1.09742212,0.51544057,0.06727682,0.00002046,27.94448625,0.61196897,3374.15520400,23.93668831,8.08183108,1.84438955,288.10962905
2004.00000000,5.00000000,0.00001163,0.00000121,2.29517576,1.24136558,0.58742131,0.08880139,0.00002214,27.47676159,0.57837900,3371.82957957,13.47658534,8.07159072,1.84670643,288.78474836
2004.00000000,6.00000000,0.00000906,0.00000121,2.49697262,1.46004411,0.70895243,0.12128261,0.00002423,27.54703515,0.54416405,3366.46634859,2.94090491,8.05882042,1.84945728,289.64052607
2004.00000000,7.00000000,0.00000765,0.00000121,2.58968047,1.56148754,0.78213096,0.16376243,0.00002480,27.65397912,0.53089438,3357.81597679,0.63164893,8.04403726,1.85326494,290.51856244
2004.00000000,8.00000000,0.00000719,0.00000121,2.52959354,1.46463181,0.70911058,0.13346915,0.00002296,27.38939498,0.53054324,3353.85749033,0.56259503,8.03104831,1.85826229,291.22380103
2004.00000000,9.00000000,0.00000739,0.00000121,2.44158755,1.26902174,0.58546802,0.08474089,0.00001999,25.04018735,0.53775882,3352.93134904,0.69586851,8.02246597,1.86281224,291.64437664
2004.00000000,10.00000000,0.00000674,0.00000122,2.28504317,1.06394269,0.45192316,0.00186702,0.00001781,20.82948956,0.56607276,3351.97892079,2.14670997,8.02508052,1.86601433,291.63969608
2004.00000000,11.00000000,0.00000596,0.00000122,2.23367071,0.98548850,0.43285663,0.01376570,0.00001724,15.37212448,0.59904493,3354.71557917,6.33526527,8.02785477,1.86847315,291.10302522
2004.00000000,12.00000000,0.00000616,0.00000121,2.18133258,0.95216182,0.44661673,0.04950893,0.00001679,13.09397553,0.63326546,3357.95019804,13.26696293,8.02638504,1.87077790,290.06487605
2005.00000000,1.00000000,0.00000639,0.00000120,2.03353581,0.90202874,0.42772515,0.02714820,0.00001653,13.54223772,0.64464324,3364.21638666,21.02051036,8.10700833,1.84100842,288.93485480
2005.00000000,2.00000000,0.00000652,0.00000119,1.99009612,0.91066154,0.43245605,0.03340197,0.00001712,18.30621588,0.64474281,3367.63999158,26.62785519,8.10034581,1.84312279,288.12230241
2005.00000000,3.00000000,0.00000901,0.00000117,1.98353728,0.93805868,0.43656899,0.03453948,0.00001821,22.88398264,0.63626593,3368.78360398,29.28422001,8.09427559,1.84535358,287.83183408
2005.00000000,4.00000000,0.00001055,0.00000117,2.08183385,1.04266627,0.47296585,0.03404108,0.00001979,26.81325487,0.60365770,3367.59038903,24.23877591,8.08686869,1.84771820,288.08059189
2005.00000000,5.00000000,0.00001173,0.00000118,2.20639732,1.20935182,0.56445123,0.05509334,0.00002224,27.79395420,0.57414340,3364.31316030,11.52840220,8.07738377,1.84992000,288.80342046
2005.00000000,6.00000000,0.00000783,0.00000118,2.46361255,1.47691254,0.71116134,0.10160720,0.00002457,28.31218496,0.54343571,3357.46719322,2.11108166,8.06278277,1.85281327,289.76068775
2005.00000000,7.00000000,0.00000724,0.00000118,2.56131004,1.56190309,0.77974996,0.13987959,0.00002530,27.17811687,0.53200859,3353.35561172,0.71321417,8.04574680,1.85628601,290.65566023
2005.00000000,8.00000000,0.00000750,0.00000119,2.50895677,1.44371329,0.68797725,0.09333653,0.00002304,27.25274138,0.52892348,3347.39989347,0.67106755,8.02983996,1.86061529,291.38056794
2005.00000000,9.00000000,0.00000741,0.00000120,2.43566692,1.26240126,0.57696069,0.06498479,0.00001986,25.68352652,0.53192108,3345.72119264,0.82280634,8.02036568,1.86464196,291.80045783
2005.00000000,10.00000000,0.00000734,0.00000121,2.34216625,1.08124857,0.45688141,0.00661069,0.00001804,20.37472669,0.56170513,3347.51951897,2.04102396,8.02315328,1.86700914,291.80849388
2005.00000000,11.00000000,0.00000639,0.00000122,2.21458391,0.96748284,0.42240687,0.00836537,0.00001715,15.48968879,0.58830888,3348.39593550,6.08813319,8.02853202,1.86924754,291.25273178
2005.00000000,12.00000000,0.00000662,0.00000121,2.12523405,0.90931233,0.42324462,0.03791567,0.00001628,12.29595527,0.61959490,3353.18084595,12.54576501,8.02784017,1.87147469,290.20615959
2006.00000000,1.00000000,0.00000766,0.00000121,1.99953088,0.90308898,0.42606343,0.02406395,0.00001677,13.79806781,0.64929965,3362.07228588,19.05872211,8.10705264,1.84188481,289.07250538
2006.00000000,2.00000000,0.00000799,0.00000119,1.99299064,0.91992720,0.44254918,0.04698736,0.00001748,17.44171564,0.64649606,3366.10196777,25.27288571,8.09920898,1.84416290,288.28679411
2006.00000000,3.00000000,0.00000915,0.00000118,2.00744016,0.97159941,0.46384023,0.06276959,0.00001874,21.28465320,0.64023127,3369.95987648,28.80906071,8.09228341,1.84663608,287.98374698
2006.00000000,4.00000000,0.00001147,0.00000118,2.10783842,1.10083191,0.52509913,0.08844360,0.00002060,25.83650710,0.62046239,3373.90458734,24.22465611,8.08469452,1.84908403,288.14028513
2006.00000000,5.00000000,0.00001255,0.00000119,2.26125087,1.24109158,0.58988678,0.08735605,0.00002216,27.55536798,0.57339742,3367.98666040,11.63000927,8.07450554,1.85149777,288.77541014
2006.00000000,6.00000000,0.00000947,0.00000119,2.52534662,1.47777667,0.70363147,0.10059009,0.00002488,27.18478211,0.53372534,3358.57612647,2.16322604,8.06035872,1.85436701,289.70132637
2006.00000000,7.00000000,0.00000832,0.00000119,2.56934339,1.53086437,0.74827443,0.11974013,0.00002498,27.83998208,0.52019984,3346.99636479,0.63291090,8.04548212,1.85792596,290.63317061
2006.00000000,8.00000000,0.00000768,0.00000120,2.48295708,1.43077930,0.68122481,0.10417423,0.00002284,27.32343646,0.52275687,3342.32413319,0.50294045,8.03189511,1.86233421,291.37291162
2006.00000000,9.00000000,0.00000730,0.00000121,2.42012599,1.27285856,0.58220256,0.07500035,0.00002009,25.35184184,0.53436351,3342.48988978,0.60838026,8.02285209,1.86663512,291.79271991
2006.00000000,10.00000000,0.00000651,0.00000122,2.33506044,1.07522325,0.46214421,0.00380171,0.00001824,20.56296692,0.56507575,3342.81167128,2.00540870,8.02515416,1.86972410,291.78091585
2006.00000000,11.00000000,0.00000619,0.00000122,2.22453823,0.98763034,0.44180674,0.02831170,0.00001742,15.76014558,0.60402782,3348.95468047,7.21199358,8.02822198,1.87210124,291.25053409
2006.00000000,12.00000000,0.00000643,0.00000121,2.16082999,0.94381383,0.43949104,0.04711488,0.00001681,11.47012898,0.62510072,3353.21879179,13.58845504,8.02641436,1.87418699,290.21941098
2007.00000000,1.00000000,0.00000715,0.00000120,2.05161310,0.92152524,0.43884963,0.04015759,0.00001702,11.60174961,0.63709575,3360.46609830,20.47958213,8.10655284,1.84446228,289.10005305
2007.00000000,2.00000000,0.00000692,0.00000120,2.01696781,0.93864924,0.44818839,0.05227355,0.00001770,17.15439978,0.63889797,3363.41711781,26.55416594,8.10028705,1.84665994,288.35894663
2007.00000000,3.00000000,0.00000875,0.00000118,2.00689776,0.97957402,0.46374380,0.05038502,0.00001888,21.60158353,0.63745366,3367.07855118,29.57455345,8.09374681,1.84911999,288.03781940
2007.00000000,4.00000000,0.00001043,0.00000117,2.11753925,1.10232171,0.52312560,0.07745894,0.00002059,26.14498940,0.60992607,3367.99203830,24.18704361,8.08499732,1.85171160,288.28130987
2007.00000000,5.00000000,0.00001096,0.00000117,2.27353808,1.24724398,0.58624585,0.07307737,0.00002275,26.90099759,0.57140193,3363.50015325,12.78049677,8.07474611,1.85405331,288.98620081
2007.00000000,6.00000000,0.00000952,0.00000117,2.49993044,1.47234440,0.70996482,0.11685293,0.00002460,27.42219600,0.53870959,3354.79922058,3.03690260,8.06147852,1.85680567,289.89131823
2007.00000000,7.00000000,0.00000803,0.00000116,2.55725863,1.54137455,0.76615240,0.14000128,0.00002499,27.22382817,0.52545497,3347.40932272,0.63504515,8.04681328,1.86048683,290.72773334
2007.00000000,8.00000000,0.00000785,0.00000117,2.45834200,1.42341789,0.67373989,0.09498925,0.00002279,27.17408958,0.52777917,3346.11667147,0.60200453,8.03337220,1.86490375,291.40956104
2007.00000000,9.00000000,0.00000829,0.00000118,2.38039506,1.22671546,0.55496875,0.05672639,0.00001946,25.28965509,0.53582869,3347.62299725,0.71020153,8.02422183,1.86868677,291.84260323
2007.00000000,10.00000000,0.00000726,0.00000121,2.25990264,1.04228638,0.43582629,-0.01383972,0.00001752,20.54987428,0.56375762,3347.71089602,2.10100707,8.02674534,1.87097780,291.82726162
2007.00000000,11.00000000,0.00000654,0.00000121,2.20700027,0.96839872,0.42857325,0.02110087,0.00001719,15.23900809,0.58567528,3348.82119328,6.48645897,8.02981330,1.87332727,291.25259889
2007.00000000,12.00000000,0.00000641,0.00000121,2.13281439,0.93047739,0.42840525,0.03479361,0.00001675,12.22765004,0.62646709,3351.65255464,13.38799974,8.02868605,1.87549624,290.21660868
2008.00000000,1.00000000,0.00000722,0.00000120,2.01336180,0.89878498,0.42943588,0.03479106,0.00001642,14.03031532,0.65192569,3357.65285949,20.31045671,8.10837248,1.84592139,289.06219312
2008.00000000,2.00000000,0.00000876,0.00000119,1.98569818,0.92327052,0.45048600,0.06191550,0.00001736,16.05064667,0.64729769,3365.19290573,27.11786213,8.10159754,1.84826062,288.16631809
2008.00000000,3.00000000,0.00001016,0.00000118,1.97847745,0.96646920,0.45779456,0.05567627,0.00001836,20.70245165,0.62747598,3367.25271856,29.67690385,8.09503190,1.85090370,287.82896632
2008.00000000,4.00000000,0.00001044,0.00000117,2.06178747,1.05477207,0.49526694,0.06562648,0.00001970,25.95090221,0.60303163,3366.87387830,25.76983275,8.08732645,1.85362359,288.11679407
2008.00000000,5.00000000,0.00001227,0.00000118,2.19314609,1.18885538,0.55876713,0.06582716,0.00002132,28.42226304,0.56757525,3360.61103409,13.19586938,8.07812645,1.85605980,288.78391033
2008.00000000,6.00000000,0.00001000,0.00000117,2.41653738,1.43900191,0.68837499,0.10138143,0.00002386,27.23661298,0.54334221,3356.39648484,2.94216966,8.06516858,1.85893851,289.70720689
2008.00000000,7.00000000,0.00000879,0.00000117,2.53507207,1.54146817,0.76857606,0.14361842,0.00002494,26.20807665,0.53041207,3349.76578052,0.65680370,8.04910105,1.86267614,290.59300664
2008.00000000,8.00000000,0.00000891,0.00000118,2.46998571,1.42739801,0.68334224,0.10760185,0.00002259,26.61327886,0.53239217,3347.70051430,0.63532175,8.03456046,1.86720843,291.33715897
2008.00000000,9.00000000,0.00000788,0.00000120,2.38768436,1.24799414,0.57834760,0.08196060,0.00001980,24.91096932,0.54605091,3349.56697557,0.70361802,8.02550312,1.87135990,291.75258449
2008.00000000,10.00000000,0.00000743,0.00000121,2.30591623,1.08610481,0.46829044,0.02170418,0.00001820,19.52098188,0.56809060,3349.83222957,1.88751669,8.02783466,1.87469955,291.71533813
2008.00000000,11.00000000,0.00000708,0.00000122,2.20734475,0.97767789,0.43383930,0.02439852,0.00001739,14.41053267,0.60034149,3352.70654695,6.26481530,8.03085975,1.87721494,291.17314929
2008.00000000,12.00000000,0.00000680,0.00000122,2.16627801,0.94342776,0.44104560,0.04977047,0.00001706,12.05242465,0.61977972,3355.30989241,13.75808591,8.02943189,1.87938388,290.13660066
2009.00000000,1.00000000,0.00000752,0.00000122,1.99148362,0.88554355,0.42436442,0.03622329,0.00001621,13.86673242,0.64168024,3360.33719731,22.49523021,8.11026324,1.84979202,289.01581352
2009.00000000,2.00000000,0.00000906,0.00000121,1.97005883,0.92824171,0.43891816,0.04274714,0.00001758,16.68054070,0.65029107,3368.49238222,28.32833520,8.10389527,1.85216743,288.24714889
2009.00000000,3.00000000,0.00000983,0.00000120,1.97295681,0.95801646,0.45757556,0.05773266,0.00001870,22.17454573,0.63814483,3371.21516238,31.65081876,8.09799794,1.85455528,287.94100195
2009.00000000,4.00000000,0.00001174,0.00000121,2.03535454,1.05396295,0.49125470,0.06053540,0.00001987,26.33397380,0.61236111,3370.94620313,27.07001576,8.09082210,1.85716489,288.16228885
2009.00000000,5.00000000,0.00001169,0.00000122,2.18321824,1.21660879,0.56946901,0.06460041,0.00002207,27.87270776,0.57426295,3364.23845464,14.56033236,8.08077264,1.85965117,288.83877072
2009.00000000,6.00000000,0.00000904,0.00000122,2.42254517,1.43680613,0.68926880,0.10041521,0.00002395,27.43833061,0.54169961,3355.23817446,3.10618143,8.06713295,1.86260760,289.75078358
2009.00000000,7.00000000,0.00000764,0.00000121,2.53120516,1.54919998,0.78046503,0.16437479,0.00002486,26.63390729,0.53154156,3350.82595711,0.65625948,8.05204685,1.86657123,290.63597134
2009.00000000,8.00000000,0.00000740,0.00000121,2.46396477,1.45062718,0.69666766,0.11064184,0.00002306,26.25862349,0.52539243,3344.97957821,0.53729898,8.03755785,1.87140532,291.35196541
2009.00000000,9.00000000,0.00000671,0.00000122,2.42723794,1.27359805,0.57806743,0.05575503,0.00002017,24.78507126,0.53319190,3342.37744198,0.62683291,8.02605382,1.87604499,291.81506966
2009.00000000,10.00000000,0.00000669,0.00000122,2.29662789,1.04793442,0.45545357,0.01360953,0.00001813,20.38021350,0.56457228,3342.90562876,1.73884078,8.02956246,1.87852303,291.81131112
2009.00000000,11.00000000,0.00000606,0.00000122,2.14216138,0.94851738,0.41280283,-0.00154798,0.00001707,15.30838347,0.59729417,3347.09048968,5.96560059,8.03410452,1.88095382,291.21718802
2009.00000000,12.00000000,0.00000603,0.00000121,2.10430615,0.92564266,0.42996231,0.03834692,0.00001676,12.83998416,0.63480907,3352.16288777,12.70431819,8.03216762,1.88294091,290.16950160
2010.00000000,1.00000000,0.00000707,0.00000120,1.99697648,0.91025314,0.43859814,0.04628276,0.00001711,12.39784630,0.65430903,3361.29481370,20.61068611,8.11220402,1.85361048,288.99950446
2010.00000000,2.00000000,0.00000751,0.00000120,1.95802127,0.91734491,0.44147411,0.05090734,0.00001771,16.58579741,0.66043565,3365.56634240,26.58659332,8.10584188,1.85576350,288.23982288
2010.00000000,3.00000000,0.00000877,0.00000119,1.97295023,0.97815934,0.46731953,0.05778959,0.00001946,19.92203158,0.64399817,3370.39977290,28.23325550,8.09952324,1.85802914,287.95163480
2010.00000000,4.00000000,0.00001110,0.00000118,2.06872081,1.08400470,0.51612138,0.07977752,0.00002036,25.78813029,0.61513720,3370.26221255,22.52728792,8.09142764,1.86043148,288.18912809
2010.00000000,5.00000000,0.00001158,0.00000119,2.24680819,1.23890205,0.57621051,0.06434288,0.00002265,26.82905257,0.57768220,3366.60910065,10.68323830,8.08072596,1.86279857,288.89555647
2010.00000000,6.00000000,0.00000947,0.00000120,2.53425301,1.49872029,0.72917143,0.13516839,0.00002518,26.44662579,0.54392985,3359.77210553,1.89419210,8.06672145,1.86556093,289.80928927
2010.00000000,7.00000000,0.00000918,0.00000120,2.59221668,1.55401967,0.76534361,0.13921447,0.00002544,27.08877916,0.53451653,3352.96265979,0.52843342,8.05226658,1.86919700,290.69677213
2010.00000000,8.00000000,0.00000910,0.00000121,2.48489313,1.43228035,0.67914933,0.10210312,0.00002307,26.31528359,0.53278111,3350.97793548,0.49497382,8.04012036,1.87344142,291.40743539
2010.00000000,9.00000000,0.00000950,0.00000122,2.40416996,1.25294380,0.57744246,0.08212913,0.00002017,24.68693343,0.54834867,3353.36445332,0.56676700,8.03154244,1.87713883,291.83250009
2010.00000000,10.00000000,0.00000717,0.00000125,2.28510921,1.08764682,0.47268771,0.02626796,0.00001858,18.99446117,0.57487673,3354.12860533,1.83651916,8.03504688,1.87971416,291.79761906
2010.00000000,11.00000000,0.00000706,0.00000125,2.22881348,1.00864903,0.45847598,0.04424260,0.00001775,13.39104958,0.60050019,3355.34969592,5.57643014,8.03762014,1.88239352,291.23378318
2010.00000000,12.00000000,0.00000659,0.00000124,2.15483364,0.95327091,0.45010698,0.06126276,0.00001732,10.72736533,0.63187743,3359.39320269,14.01794180,8.03644882,1.88465601,290.21681834
