year,runoff,baseflow,LAI,GPP,NPP,NEP,evap,sens,theta_sfc,col_water,SWE,soilC,bwood,soilT_2m
1.981041666666666742e+03,7.149431628531627166e-06,1.251630700501599984e-06,1.741415857881204454e+00,8.482410313773975918e-01,4.178989968454160930e-01,5.243808177746108606e-02,1.476753499848849805e-05,1.037706897214773605e+01,6.572652153709174216e-01,3.416369358700657813e+03,9.651587486524744008e+01,7.469807691636611402e+00,1.664629773625022180e+00,2.873196141198785654e+02
1.981125000000000000e+03,8.329092788753625649e-06,1.244410279047541011e-06,1.788197760083974241e+00,9.199300043579301533e-01,4.713936508245551438e-01,1.008094169846024679e-01,1.626454153822892463e-05,1.392553667487738522e+01,6.570234177650460250e-01,3.425979310408115907e+03,1.003385580521994314e+02,7.461480329576112958e+00,1.666760938718244489e+00,2.867033604267331270e+02
1.981208333333333258e+03,8.615678295314612689e-06,1.240303499104625823e-06,1.814382525480205732e+00,9.537294452975306758e-01,4.753593430624955540e-01,9.875169002182461464e-02,1.693160597168811895e-05,1.788515963537281550e+01,6.450720709770845218e-01,3.428560892290040101e+03,1.016570807226572839e+02,7.453887739440596683e+00,1.669105667052523501e+00,2.865080993759911507e+02
1.981291666666666742e+03,9.761228036026597132e-06,1.224326330675533214e-06,1.937166532368215011e+00,1.037330659227945873e+00,5.073933430877838324e-01,1.078403585310946100e-01,1.808414420329500097e-05,2.190942200876629542e+01,6.190851114853470616e-01,3.430235473541114970e+03,9.838070327523912795e+01,7.446165717829687836e+00,1.671266739659593714e+00,2.868824788812927977e+02
1.981375000000000000e+03,1.203069416821024531e-05,1.224713314294970453e-06,2.061487578181451230e+00,1.184859573243061348e+00,5.894922506096569315e-01,1.394529245263113892e-01,1.982466859165069346e-05,2.293900091019374088e+01,5.961861697252803793e-01,3.430502821437033617e+03,8.875862731541637629e+01,7.438037123108525606e+00,1.673447613012830182e+00,2.876867137244570927e+02
1.981458333333333258e+03,1.063481375522459358e-05,1.223173670009555788e-06,2.291026340301343112e+00,1.404766462585034681e+00,7.265257888592094870e-01,2.096233866029819648e-01,2.175311474835329222e-05,2.253493441574433476e+01,5.673651866604916272e-01,3.426305434935550238e+03,7.883857011136694837e+01,7.426997370091212858e+00,1.676159961426398448e+00,2.886576478279878302e+02
1.981541666666666742e+03,9.997284206945457826e-06,1.221381678157755328e-06,2.383430245345173670e+00,1.496375809639189036e+00,7.795947070397769574e-01,2.320131957320403226e-01,2.274328055005517781e-05,2.227225046261436603e+01,5.552310252528369627e-01,3.422527392377801789e+03,7.559619446446252766e+01,7.414581438127200386e+00,1.679740197737577878e+00,2.895768699720941299e+02
1.981625000000000000e+03,8.786007036025347394e-06,1.241737864658938304e-06,2.347755619774349878e+00,1.419199834552732131e+00,7.104025934964701694e-01,1.790116901679846273e-01,2.117705129674214359e-05,2.235772360853476215e+01,5.480492653984541107e-01,3.417428512008950747e+03,7.438238453099259573e+01,7.403058390305475633e+00,1.684215671653976232e+00,2.903016441730520114e+02
1.981708333333333258e+03,8.108187826417123309e-06,1.245334989577592972e-06,2.276122876048663368e+00,1.236266969715715813e+00,6.025435520821006419e-01,1.585249799324719433e-01,1.808884651654972195e-05,2.227683161920932520e+01,5.489259349769046725e-01,3.415046208713063606e+03,7.437247606603820316e+01,7.397564792283465529e+00,1.688094770838459713e+00,2.907294361004729808e+02
1.981791666666666742e+03,7.191981309800852486e-06,1.251834037221979317e-06,2.135229694127964706e+00,1.045969372795053864e+00,4.729993530694144299e-01,7.747870823216317093e-02,1.634993687691152549e-05,1.831592201248377449e+01,5.788024872497083972e-01,3.416183273377148907e+03,7.573401223435099894e+01,7.404861928776812263e+00,1.690061904130011561e+00,2.907019184826289120e+02
1.981875000000000000e+03,6.721442338552668442e-06,1.248497204179794189e-06,2.052937910139455369e+00,9.640938253893602816e-01,4.459326903674178944e-01,7.198303334252327546e-02,1.565050767894446082e-05,1.373778788817267227e+01,6.072417367279863143e-01,3.419190664619596646e+03,7.975556040166777905e+01,7.411294698820658944e+00,1.691722213896454052e+00,2.901294464231240227e+02
1.982041666666666742e+03,8.293898902608791326e-06,1.249787526544973741e-06,1.907695581114649652e+00,8.884770017550824850e-01,4.282459677129898390e-01,7.176582921036263329e-02,1.481674102154194904e-05,1.294570268071724506e+01,6.484694089181057830e-01,3.424720856621047005e+03,9.434441156431935838e+01,7.490456599895005674e+00,1.653736436280039745e+00,2.880042940168646624e+02
1.982125000000000000e+03,8.372467811894715087e-06,1.246688535403739824e-06,1.880665391960266719e+00,9.053391451314911631e-01,4.412692650051690535e-01,8.455649542467565116e-02,1.550200702338918257e-05,1.593009293084937461e+01,6.554181740538512768e-01,3.428285870044972398e+03,1.003872389645101748e+02,7.487636678758535780e+00,1.655959446900315823e+00,2.871926422304298967e+02
1.982208333333333258e+03,1.008268539188932709e-05,1.235295374964104764e-06,1.903159177788984913e+00,9.577841577845530585e-01,4.653699138337590302e-01,9.771892941994696213e-02,1.687289433594161449e-05,1.967896110797943265e+01,6.553607219824774122e-01,3.432672137430716248e+03,1.030467517718276866e+02,7.484921501164730984e+00,1.658215171948273170e+00,2.868361368226712784e+02
1.982291666666666742e+03,1.122058945257865230e-05,1.225810994657421706e-06,1.987307789279744386e+00,1.043658288120699273e+00,5.033189185899017426e-01,1.131849468144816712e-01,1.793297657488328767e-05,2.178818275688083617e+01,6.299682804600211794e-01,3.432223103531961442e+03,1.000995166433881991e+02,7.481293985256826318e+00,1.660595966311007476e+00,2.870252720964970194e+02
1.982375000000000000e+03,1.197546252191054670e-05,1.234240780211115647e-06,2.138099119684365945e+00,1.193666491692136011e+00,5.789634399479107740e-01,1.234888516613509984e-01,1.974849396929642377e-05,2.350359927451827602e+01,5.943324767676519960e-01,3.427875292544473268e+03,8.875933420415941555e+01,7.475674073230829109e+00,1.662851783291880770e+00,2.877452992851797831e+02
1.982458333333333258e+03,1.008330470544145759e-05,1.230938617922347248e-06,2.326043986398848240e+00,1.377868316027395901e+00,6.888593817001107400e-01,1.668662525784207762e-01,2.144747269462316585e-05,2.392985220350210795e+01,5.611223918251804221e-01,3.421606860824861997e+03,7.864403895083005125e+01,7.468084830151795472e+00,1.665469994636841644e+00,2.886947560841040286e+02
1.982541666666666742e+03,7.773606476434268478e-06,1.230647357843058529e-06,2.413482395525641255e+00,1.478204305973032540e+00,7.540082589902886712e-01,1.836080459990653835e-01,2.212111828471338438e-05,2.309176239981702494e+01,5.386520192779641336e-01,3.411397617999162321e+03,7.497089068192101990e+01,7.457552052237621076e+00,1.669103274282383698e+00,2.895894024556983481e+02
1.982625000000000000e+03,7.649224311170291059e-06,1.213269418991111045e-06,2.360772878933127483e+00,1.393448349527720787e+00,6.890014026355328891e-01,1.618901729976486292e-01,2.028083510117703161e-05,2.402236037314283479e+01,5.412874686315709560e-01,3.408117493608625409e+03,7.431810360319326492e+01,7.447642485137293100e+00,1.673500562780277257e+00,2.903235418746667733e+02
1.982708333333333258e+03,7.191383466326337480e-06,1.220147824306524096e-06,2.299235914701484251e+00,1.223862871090513949e+00,5.729812800904474646e-01,1.098431140180103627e-01,1.755079967659378942e-05,2.248816796956870689e+01,5.488750097851410326e-01,3.404744062126791960e+03,7.460980082564881855e+01,7.443086643530422819e+00,1.677401800980674595e+00,2.907836209377305181e+02
1.982791666666666742e+03,6.641924568579951667e-06,1.221731317492153335e-06,2.215166339870523693e+00,1.079414992257753614e+00,4.885330968307747823e-01,7.322987062223032528e-02,1.662071715173860852e-05,1.858063728804197012e+01,5.828141401469445482e-01,3.407576562584996282e+03,7.638421952960885619e+01,7.450709360133300763e+00,1.679570806470205291e+00,2.907787629029082268e+02
1.982875000000000000e+03,5.833920105193592492e-06,1.224928209605120403e-06,2.113645059384710034e+00,9.481146060630528671e-01,4.273378862543028012e-01,4.732790214294350234e-02,1.524868550382122199e-05,1.503926728506000465e+01,6.086919999424553751e-01,3.410787970351247168e+03,8.085371411495148664e+01,7.457608401984356483e+00,1.681101249221806038e+00,2.901674505269253359e+02
1.983041666666666742e+03,6.816673185256120660e-06,1.217782838934567464e-06,1.947096183312959861e+00,8.798983685672843169e-01,4.111493847773900479e-01,4.014572422600558299e-02,1.500668684587290500e-05,1.217861050424792424e+01,6.413294547263017620e-01,3.417780080795508638e+03,9.263395819797382558e+01,7.540146311200118134e+00,1.653935881815417730e+00,2.879909253620239156e+02
1.983125000000000000e+03,7.564906822356254177e-06,1.214817251306396595e-06,1.909846261211267660e+00,8.781273852346962450e-01,4.101758453858402320e-01,3.690800611752532295e-02,1.522195420351952354e-05,1.610131672471850806e+01,6.400622129240922664e-01,3.419623477178847224e+03,9.792690640430683402e+01,7.536841180359322934e+00,1.654823247681493248e+00,2.872566356290823819e+02
1.983208333333333258e+03,8.478494759778987778e-06,1.201321294360989979e-06,1.887158455708143334e+00,9.240964468638679374e-01,4.424270370357591409e-01,6.002130086238791074e-02,1.622664976405756467e-05,1.976312213341480728e+01,6.382611773477188111e-01,3.422856103672921108e+03,1.006828350912999213e+02,7.533249564047284075e+00,1.656193674790693127e+00,2.870163269095871215e+02
1.983291666666666742e+03,1.106256204772054959e-05,1.193342317863582652e-06,1.982701398162255213e+00,1.031833698953632750e+00,4.894972796794394565e-01,8.504528568470255678e-02,1.795751516701794956e-05,2.242309854554519788e+01,6.262578453569846992e-01,3.426460906315852753e+03,9.783695270707504221e+01,7.527838926839743650e+00,1.657969720187213447e+00,2.872341254615761841e+02
1.983375000000000000e+03,1.206569166951176937e-05,1.198837968922194145e-06,2.112429616149491096e+00,1.151871006722397395e+00,5.454041980931368938e-01,9.110901242794899879e-02,1.953528723360934251e-05,2.378895039707862580e+01,5.989585125526740716e-01,3.426319530780227524e+03,8.870823005868572864e+01,7.521761873191145753e+00,1.659426683613977715e+00,2.879375790757250115e+02
1.983458333333333258e+03,9.762891566363714522e-06,1.211223264056384493e-06,2.324447234999497347e+00,1.371956963133530438e+00,6.737890809723867669e-01,1.427360750645582654e-01,2.138791911145532701e-05,2.398845871279875652e+01,5.628086955423360349e-01,3.420225928238357483e+03,7.840254542800946069e+01,7.513578423728510813e+00,1.661269885945239722e+00,2.889039958194268252e+02
1.983541666666666742e+03,8.064604543614366450e-06,1.211181683964282517e-06,2.443672556197439949e+00,1.483781655757100637e+00,7.551362295044222739e-01,1.750546430511420726e-01,2.227279610621366965e-05,2.344155247489399230e+01,5.416501073286628110e-01,3.412211099691422987e+03,7.485422934727360200e+01,7.501129051123466063e+00,1.664370573728357616e+00,2.898303151599633338e+02
1.983625000000000000e+03,7.923763715190939899e-06,1.219330976879340948e-06,2.419155155220148679e+00,1.429084372938902670e+00,7.004864305208514663e-01,1.522187987377764951e-01,2.088229271126618294e-05,2.283830133543735030e+01,5.425854917845118752e-01,3.408432045708553687e+03,7.434271474160638604e+01,7.489189289110364633e+00,1.668135068942869559e+00,2.905547701951246040e+02
1.983708333333333258e+03,8.151545931832259497e-06,1.226728441465866622e-06,2.381770742692965737e+00,1.258757927770152385e+00,6.016644264890430582e-01,1.333883999259697362e-01,1.822967762466290182e-05,2.205329756613520686e+01,5.464761344317506930e-01,3.407441854785745818e+03,7.447014174262064046e+01,7.482763407417265533e+00,1.671273279517959232e+00,2.909849525909265253e+02
1.983791666666666742e+03,7.340512854290729342e-06,1.238223233786123610e-06,2.232638921559903622e+00,1.055431097263975548e+00,4.644596267139301515e-01,4.778233790852784435e-02,1.598236921945992778e-05,1.837037915534454768e+01,5.730017689949485904e-01,3.409290284728474944e+03,7.583728157357224120e+01,7.489910297572503595e+00,1.673206353542107117e+00,2.909627751533687388e+02
1.983875000000000000e+03,6.077934528874607011e-06,1.254624749584104725e-06,2.162482134873355832e+00,9.776496490224878544e-01,4.438089786846520224e-01,5.023200000172792917e-02,1.557785492218457623e-05,1.296800227903464453e+01,6.059551682544612738e-01,3.412639991251509855e+03,7.994993120539635356e+01,7.497712327258217790e+00,1.674250698129101655e+00,2.903802048332578352e+02
1.984041666666666742e+03,7.327225709985513410e-06,1.243133313768206409e-06,1.996093865882953011e+00,9.334265015639872098e-01,4.613835160108790689e-01,8.608904854974483434e-02,1.547593244969545619e-05,1.196679712204545964e+01,6.459817378256356157e-01,3.423131627781025145e+03,9.411393163785749039e+01,7.575362264774341270e+00,1.648609123980607105e+00,2.882201536807464777e+02
1.984125000000000000e+03,8.691450934726982779e-06,1.242439317216736631e-06,1.979651991999369587e+00,9.264742707828139689e-01,4.516946940495218943e-01,8.219199343224549426e-02,1.545327064925122623e-05,1.532978238120734460e+01,6.395314079850500377e-01,3.426932000434758265e+03,9.869559099182417583e+01,7.570445747744796172e+00,1.650670914169321213e+00,2.873540711609542768e+02
1.984208333333333258e+03,9.499214205482466795e-06,1.238680048282699721e-06,1.975325450278817785e+00,9.473442657645543274e-01,4.497605601097606765e-01,6.822753922294085005e-02,1.626314934813079973e-05,2.020031605986588374e+01,6.454535697941045091e-01,3.429132407090215565e+03,1.009133791448936535e+02,7.567231967324467234e+00,1.652300839251961806e+00,2.869974659767975140e+02
1.984291666666666742e+03,1.164220529205887666e-05,1.231714369924191854e-06,2.067128973825614668e+00,1.030102061430200777e+00,4.844237522427824461e-01,8.101661276596837380e-02,1.737331774390561698e-05,2.180269403277242901e+01,6.249924815883804996e-01,3.431202020299292599e+03,9.742553556570889839e+01,7.563171669108472273e+00,1.653997010409078205e+00,2.871871825500015802e+02
1.984375000000000000e+03,1.303452332506581203e-05,1.233652590686294798e-06,2.186610719790238466e+00,1.170254643136536599e+00,5.502994533482599149e-01,8.594160777093262649e-02,1.933828718132852932e-05,2.289162146808468279e+01,5.921492306159319430e-01,3.428083677725007874e+03,8.594080867361728338e+01,7.557128789830575677e+00,1.656068932484056733e+00,2.878904517661019327e+02
1.984458333333333258e+03,1.030113785385941607e-05,1.243022387543202017e-06,2.408453854282654127e+00,1.402332642570530252e+00,6.928941368000636203e-01,1.531082357514280679e-01,2.173651259207522087e-05,2.301209808214088781e+01,5.618309448512440740e-01,3.423535990632256926e+03,7.733516442797662194e+01,7.547319245848341573e+00,1.658697194528020225e+00,2.888693630606896932e+02
1.984541666666666742e+03,9.373349094287472080e-06,1.246587564254159275e-06,2.481637441983133741e+00,1.484920793600927214e+00,7.521531889809329741e-01,1.889095033562293580e-01,2.208895946727747127e-05,2.313050065930963584e+01,5.502324377547264111e-01,3.417261278913156730e+03,7.452884259428422808e+01,7.535878888957041610e+00,1.662231312011401396e+00,2.897812609498960796e+02
1.984625000000000000e+03,8.847899209162634151e-06,1.253488757277947854e-06,2.455403496678886022e+00,1.425331999504657166e+00,6.958721734080399735e-01,1.591967724945814455e-01,2.062379247307884005e-05,2.284655324160920387e+01,5.452042780254726662e-01,3.411967218395300733e+03,7.389920774822971339e+01,7.525083753350394922e+00,1.666771735252312814e+00,2.905053584545069043e+02
1.984708333333333258e+03,8.609207738204634262e-06,1.254404653099020746e-06,2.457016054307051611e+00,1.274556297221202339e+00,6.010058858147014904e-01,1.456673149697434166e-01,1.812184573273329776e-05,2.137260886589263364e+01,5.574685877706094805e-01,3.411221019105195865e+03,7.408228375064791749e+01,7.519794764565324030e+00,1.670754763610303062e+00,2.909052254127847164e+02
1.984791666666666742e+03,7.134367190358852738e-06,1.267034062010160374e-06,2.318189274366085240e+00,1.086146248417388716e+00,4.836271388264961058e-01,6.261815142959228919e-02,1.664146922467665311e-05,1.763151195209952604e+01,5.839048587885772301e-01,3.412518457349016444e+03,7.563564952796338048e+01,7.527757138271956805e+00,1.673063582595140097e+00,2.908397903169054075e+02
1.984875000000000000e+03,6.283061037372226979e-06,1.271808760164625148e-06,2.213281063497859691e+00,9.943182327553369282e-01,4.512228316327251409e-01,5.771978797130093708e-02,1.548041737781151250e-05,1.466716958306205498e+01,6.121381261461533718e-01,3.415298612257131936e+03,8.002820064110159137e+01,7.533570862419589176e+00,1.674628143405170411e+00,2.902661500148493019e+02
1.985041666666666742e+03,6.910684186564770001e-06,1.251274361979037577e-06,2.027052201504667028e+00,8.913943007258543494e-01,4.209997037595550329e-01,4.348602006179072554e-02,1.449429025095127334e-05,1.259600568269204146e+01,6.585677198175600155e-01,3.421079794067820330e+03,9.323708250554939525e+01,7.609913409443529453e+00,1.648514771249168120e+00,2.880433265371266316e+02
1.985125000000000000e+03,8.221632625843532433e-06,1.237820430042617431e-06,2.013750127254704037e+00,9.242624174731667308e-01,4.363004541946167714e-01,5.712557821403755481e-02,1.592168521423786750e-05,1.409644351267687412e+01,6.628580199959573926e-01,3.426215285255029357e+03,9.939979815961505949e+01,7.604828604687786431e+00,1.650588602317958342e+00,2.872582150821560276e+02
1.985208333333333258e+03,9.098190154763386803e-06,1.227799904849733704e-06,1.988398635108099333e+00,9.239381863229920722e-01,4.262991777384616543e-01,4.817205282912612185e-02,1.623076544160725909e-05,1.906371390916438813e+01,6.484788564648589215e-01,3.425905359606542788e+03,1.025745139321899870e+02,7.600426276021406302e+00,1.652582018015054111e+00,2.868915319695137214e+02
1.985291666666666742e+03,1.067974419541795392e-05,1.222767210251696291e-06,2.089017140359567648e+00,1.049092563726665261e+00,4.842442871062746512e-01,7.535649294492412220e-02,1.780231107447404447e-05,2.199745944041887213e+01,6.300159324839664787e-01,3.428624560335971182e+03,9.835269341266781851e+01,7.595070701261540158e+00,1.654785591264699596e+00,2.871277841065200960e+02
1.985375000000000000e+03,1.238348891807550275e-05,1.225476740542730715e-06,2.212543990127227023e+00,1.193116609660887617e+00,5.670486711873663488e-01,1.003911526178036112e-01,1.947238251982716994e-05,2.308331370722093112e+01,5.945223565108442854e-01,3.424648324292587404e+03,8.890118992167913348e+01,7.587787994825853310e+00,1.657071537141233009e+00,2.878393331933514787e+02
1.985458333333333258e+03,1.049457561255666615e-05,1.232085260182256848e-06,2.390233380313257605e+00,1.363245629625635225e+00,6.597798180316559735e-01,1.307581168693774110e-01,2.103572042241883810e-05,2.319740002576871163e+01,5.549389798765470561e-01,3.417226462364747931e+03,7.652695648015934182e+01,7.577823703648466136e+00,1.659703948704185361e+00,2.888157650043712579e+02
1.985541666666666742e+03,8.071873770640207083e-06,1.221302731636707802e-06,2.510558975396469883e+00,1.489750171481540209e+00,7.484895174166104059e-01,1.827780000700088836e-01,2.189430432047218377e-05,2.411330324190636887e+01,5.432531001791315317e-01,3.410204102676975253e+03,7.390522714285224026e+01,7.565644473948242243e+00,1.663319465070016934e+00,2.897009318907329884e+02
1.985625000000000000e+03,8.759914692622380449e-06,1.223621795365764914e-06,2.484196530705605976e+00,1.415612271635964481e+00,6.863754056281132776e-01,1.503061162135369555e-01,2.043105298947146486e-05,2.333208237590008949e+01,5.463227516665105643e-01,3.409361459851746986e+03,7.355565582467167474e+01,7.554767673719047671e+00,1.667446514452855411e+00,2.904178975769980866e+02
1.985708333333333258e+03,8.482808383460790092e-06,1.226217775863622729e-06,2.408156203033936293e+00,1.240819713045564487e+00,5.831950728889788715e-01,1.214944597942948790e-01,1.772502937949713007e-05,2.200602421451786483e+01,5.558730255617381211e-01,3.409833567790484722e+03,7.376106773174680598e+01,7.549716284179870840e+00,1.671047556754567731e+00,2.908782246981027697e+02
1.985791666666666742e+03,7.278007522402441021e-06,1.242295435031547329e-06,2.289912306525693886e+00,1.075245147589345418e+00,4.746077798698643546e-01,5.010877838595830663e-02,1.635498682137537753e-05,1.767315850201606509e+01,5.846809136292606679e-01,3.411232055574128481e+03,7.505640805811100336e+01,7.555358184526088650e+00,1.673248354310578723e+00,2.908435289944360420e+02
1.985875000000000000e+03,6.281931302389615874e-06,1.246162779142400008e-06,2.253311441439654672e+00,9.998111780854272990e-01,4.425425929339100728e-01,3.671462493764657276e-02,1.622766341187391356e-05,1.355243712447587612e+01,6.215113307993872516e-01,3.415421830385720114e+03,7.997047442891209812e+01,7.559132433261109618e+00,1.675049923343824743e+00,2.902461213306183367e+02
1.986041666666666742e+03,7.856095185629168292e-06,1.230824972928131153e-06,2.050518930887404778e+00,9.165557195192539641e-01,4.349258586084441824e-01,4.858861851785084562e-02,1.511036739819469465e-05,1.155620888737002971e+01,6.446107943262775475e-01,3.421393248827515436e+03,9.291649861069871008e+01,7.634256949841571327e+00,1.648658821695486276e+00,2.881123262972111547e+02
1.986125000000000000e+03,7.987259486400460611e-06,1.220768218352764169e-06,2.033673852602982723e+00,9.288488567376470550e-01,4.436255277745219661e-01,6.483225843103807007e-02,1.550314139940008986e-05,1.536271589282981331e+01,6.482212774234206165e-01,3.424071828808878763e+03,9.833672338520260325e+01,7.628087451853992285e+00,1.650592120407401886e+00,2.873891971799303064e+02
1.986208333333333258e+03,9.744930168796530121e-06,1.210392163669448823e-06,2.039652592453240487e+00,9.667562714330459883e-01,4.554813977844741069e-01,7.331387406174207089e-02,1.630150466347525005e-05,2.046962135215595424e+01,6.418792037348206581e-01,3.424983852117113656e+03,1.006793454840943411e+02,7.623179717923318499e+00,1.652936446089632971e+00,2.871167470583072259e+02
1.986291666666666742e+03,1.095647536142037729e-05,1.205299044635211447e-06,2.063477019796525092e+00,1.026253048087331532e+00,4.713683450113375084e-01,5.788256292211205190e-02,1.729679560373170472e-05,2.355797344841906593e+01,6.185416394288634212e-01,3.423641109888448682e+03,9.648008019606527341e+01,7.618769878161208098e+00,1.655059628788959625e+00,2.873522408398454218e+02
1.986375000000000000e+03,1.141367006965913249e-05,1.218393369875266288e-06,2.199065915111861003e+00,1.183355876476112956e+00,5.460976127229132393e-01,5.997300010319971814e-02,1.948867899254006004e-05,2.362223795265834525e+01,5.898914609225370809e-01,3.420020557189750889e+03,8.651110940405199301e+01,7.611116969492632833e+00,1.657173096803265633e+00,2.880529617790981547e+02
1.986458333333333258e+03,9.884145547141651115e-06,1.221314428835712237e-06,2.435819469422979999e+00,1.406057622490713310e+00,6.805833262260988503e-01,1.210398386479341198e-01,2.185810399374760692e-05,2.348183986421688374e+01,5.593400067569812562e-01,3.414085394417249063e+03,7.719333873343362029e+01,7.598869136494316834e+00,1.659791418365556437e+00,2.889906613124969681e+02
1.986541666666666742e+03,8.490039653932706710e-06,1.212921931973030688e-06,2.553497579189178524e+00,1.499381004553382191e+00,7.504945890527591201e-01,1.762742491748177653e-01,2.217725520062500735e-05,2.370238807567133321e+01,5.459097652030596715e-01,3.408204448513470652e+03,7.421105373314759390e+01,7.585930540058338778e+00,1.663289404842959618e+00,2.898798038928367760e+02
1.986625000000000000e+03,7.145026904590463665e-06,1.221606386115178016e-06,2.508192117644633345e+00,1.427203431216886642e+00,6.892396796291646588e-01,1.467407520805102950e-01,2.082544293053672517e-05,2.362598940171555384e+01,5.402488685689291747e-01,3.402481201930141196e+03,7.380986920566974163e+01,7.575118763062009819e+00,1.667705061720331283e+00,2.905717692929003988e+02
1.986708333333333258e+03,7.140138699080800514e-06,1.223722995758868160e-06,2.469981878815794119e+00,1.260702868229770734e+00,5.910204136828984822e-01,1.205509834982825407e-01,1.822954985405042844e-05,2.207514725503861541e+01,5.503720094279870301e-01,3.401071848418001082e+03,7.410353593694519247e+01,7.568868143170926821e+00,1.671647225020730598e+00,2.909832012564904744e+02
1.986791666666666742e+03,7.659301552443791266e-06,1.224805330116662239e-06,2.330501620705963006e+00,1.106697805862692841e+00,4.951131704006617729e-01,6.867937719560875121e-02,1.676139334790323766e-05,1.768470524061023852e+01,5.830722557516193616e-01,3.403840386989694252e+03,7.548678335284277807e+01,7.575091514095922740e+00,1.673776806454173594e+00,2.909200236264176738e+02
1.986875000000000000e+03,6.679574115659658864e-06,1.220993110974511229e-06,2.272487788548791521e+00,9.888253148086084687e-01,4.424391693880752596e-01,5.297429067757622456e-02,1.582589652614689485e-05,1.481636967009864669e+01,6.102101214181734345e-01,3.405453436559326292e+03,7.988438296745266598e+01,7.580039825640163542e+00,1.675256008774016703e+00,2.902898578862020713e+02
1.987041666666666742e+03,6.496624990651725783e-06,1.199257259664579684e-06,2.059758595435122075e+00,9.128876010382558359e-01,4.272115364629032186e-01,3.557132234906249663e-02,1.513365380278728024e-05,1.157338306481788237e+01,6.571537380399440353e-01,3.409053815232637135e+03,9.328452467659843705e+01,7.655486500937641381e+00,1.649389413990471676e+00,2.880913963375181766e+02
1.987125000000000000e+03,6.782066092878981408e-06,1.183219578018088423e-06,2.052511414420384650e+00,9.374578801721997756e-01,4.400577087580496149e-01,5.259779093480648759e-02,1.602588804664574764e-05,1.512909921726296858e+01,6.499415251285833861e-01,3.411840194391788373e+03,9.895645331293710001e+01,7.649297724889382977e+00,1.651342193668630332e+00,2.874073492367805329e+02
1.987208333333333258e+03,7.735514952193416497e-06,1.170923674536003500e-06,2.050121798225186254e+00,9.642805154353318864e-01,4.523623263608241296e-01,5.790601968083496781e-02,1.692674504170284198e-05,2.006778407103771400e+01,6.462896121985496345e-01,3.414439509947369061e+03,1.017798440845195103e+02,7.643708900365499659e+00,1.653608892553672716e+00,2.871668399522914115e+02
1.987291666666666742e+03,1.063246048151521071e-05,1.171627513361037306e-06,2.085885854038125320e+00,1.011304093725573061e+00,4.542773043739709027e-01,3.469750887626471547e-02,1.753284243240334762e-05,2.289338977882708903e+01,6.164998333857253376e-01,3.415117203030354176e+03,9.670022729498751346e+01,7.638120687225650407e+00,1.655730646368837933e+00,2.873275187889248059e+02
1.987375000000000000e+03,1.056092049725774969e-05,1.170954758478753915e-06,2.198201810862428385e+00,1.163524865002192987e+00,5.375117547618467606e-01,5.909556495602803772e-02,1.914801986500671088e-05,2.522578354163207237e+01,5.840882364598937171e-01,3.409141767889119819e+03,8.673752540306149683e+01,7.630499040569387326e+00,1.657518858904609704e+00,2.880301837883670260e+02
1.987458333333333258e+03,8.862596983194143582e-06,1.176149612729608587e-06,2.417601451861660866e+00,1.394439034982132508e+00,6.660573234154107958e-01,1.031971069719219980e-01,2.193825964740442301e-05,2.334762374489639569e+01,5.583713498779350193e-01,3.404018725969302977e+03,7.795031790656186388e+01,7.619294226968480466e+00,1.659782798220193145e+00,2.889696919758526974e+02
1.987541666666666742e+03,7.784054379578656845e-06,1.164740741039003247e-06,2.527235316722338254e+00,1.476868808987297221e+00,7.279125253688849551e-01,1.386182977269783123e-01,2.236206360041466905e-05,2.352227751197036909e+01,5.346020647579381446e-01,3.394722454591691985e+03,7.419257979164154904e+01,7.604906480250027911e+00,1.663002267101516995e+00,2.899234856627903127e+02
1.987625000000000000e+03,7.692063193332486062e-06,1.158819435265958722e-06,2.472457504411369911e+00,1.398494835778262058e+00,6.728364089848979379e-01,1.314327945400476927e-01,2.041553687692734519e-05,2.488724750699457999e+01,5.392489992818307876e-01,3.391431150769024498e+03,7.366878542235335203e+01,7.593007328674468148e+00,1.666946487824876533e+00,2.907054363891291473e+02
1.987708333333333258e+03,7.023087368163992844e-06,1.165602972413289281e-06,2.396825580785523435e+00,1.229461291384738919e+00,5.641239189224986905e-01,8.944900826291217466e-02,1.775773941269163424e-05,2.237823279648148045e+01,5.431817822103660598e-01,3.390564858282616569e+03,7.394050857789983411e+01,7.586887702410747281e+00,1.670330781127671305e+00,2.911302331800779370e+02
1.987791666666666742e+03,6.391344689100658766e-06,1.173076531233734013e-06,2.274598512482561397e+00,1.040193512783864405e+00,4.452557695762621170e-01,1.638807645956132444e-02,1.605392609636981495e-05,1.942821115144140975e+01,5.732926901722215085e-01,3.392186114696633467e+03,7.531181435918620082e+01,7.593152729996792694e+00,1.671953312128536595e+00,2.910987729956810881e+02
1.987875000000000000e+03,5.782060095024524002e-06,1.173387033302638663e-06,2.163894324400245761e+00,9.452473997448992415e-01,4.069141819797147952e-01,-6.340680389509195311e-04,1.532112741956794341e-05,1.513819367470487087e+01,6.068056638979123507e-01,3.394000590904674027e+03,7.940084880988554517e+01,7.598309100642882008e+00,1.673491478564682167e+00,2.904593651596416635e+02
1.988041666666666742e+03,6.453974500408669461e-06,1.182297876893409077e-06,2.023218353652800339e+00,9.010119108785834552e-01,4.198297000580805127e-01,2.762910044562204639e-02,1.533392720781309230e-05,1.307324171093768506e+01,6.460940040840527088e-01,3.405641314320601396e+03,9.174464185753765832e+01,7.669740721356967939e+00,1.647032921199611089e+00,2.883362886761015602e+02
1.988125000000000000e+03,7.772476045860161051e-06,1.175786753155672740e-06,1.998728894410183754e+00,9.038132316979885506e-01,4.288360376000203700e-01,4.996850551420735365e-02,1.535208978069079066e-05,1.582964769163240426e+01,6.513239358237036258e-01,3.410526707157129295e+03,9.723896480635534090e+01,7.663440035949271589e+00,1.648897139988491078e+00,2.875767103279172829e+02
1.988208333333333258e+03,8.912673515990085781e-06,1.174353258332516962e-06,1.993742497243351730e+00,9.287235056686666823e-01,4.322368704804284700e-01,3.750507619786522945e-02,1.647125725738262809e-05,1.967450118883255783e+01,6.429749232280741467e-01,3.414533639558461346e+03,1.001997187981460939e+02,7.657233151513200831e+00,1.650868186825628525e+00,2.872561385581138893e+02
1.988291666666666742e+03,9.985992924930954363e-06,1.177061403089736775e-06,2.081459724227587404e+00,1.049264700485366797e+00,4.898163748193074540e-01,6.927563546504574010e-02,1.804820099404293637e-05,2.298282193373511717e+01,6.217026452988206886e-01,3.415631726694233748e+03,9.577323340796081652e+01,7.650003280182322563e+00,1.652926221026991938e+00,2.874736216183716238e+02
1.988375000000000000e+03,1.156918552676406727e-05,1.179040631050491595e-06,2.244730127473904879e+00,1.203907326567506875e+00,5.663211330363691065e-01,8.193908671473738858e-02,1.989149895388867982e-05,2.418744410836067971e+01,5.890179656486449478e-01,3.411865568671738401e+03,8.555294546028341074e+01,7.640761268959757047e+00,1.655025409193104258e+00,2.881620553255935420e+02
1.988458333333333258e+03,9.102287819035981156e-06,1.182086448835151879e-06,2.458984490000988732e+00,1.422668652142407675e+00,6.959389824988342355e-01,1.324823308245837994e-01,2.211049131563780167e-05,2.409282339983827370e+01,5.498330457368300062e-01,3.404024498591571046e+03,7.593607587662363301e+01,7.629095205960028103e+00,1.657278975031874158e+00,2.891110658582808242e+02
1.988541666666666742e+03,8.586987697593249022e-06,1.184145002940481858e-06,2.519248350138243442e+00,1.512956823401053752e+00,7.626290003037250465e-01,1.606306902927227276e-01,2.297059841390506656e-05,2.387352523423244577e+01,5.418257947092429694e-01,3.399790679787040972e+03,7.380157649015360732e+01,7.615314943265253156e+00,1.660366337076942145e+00,2.900206767004734729e+02
1.988625000000000000e+03,9.135752084061848745e-06,1.179320663502528102e-06,2.475581395103804816e+00,1.413289436742930283e+00,6.758163746112283432e-01,1.153546395012001596e-01,2.098419621810319511e-05,2.348970885984511980e+01,5.436874375743500076e-01,3.398936389286063786e+03,7.345718951034379529e+01,7.601336173387917228e+00,1.664539237335755706e+00,2.907376140531440569e+02
1.988708333333333258e+03,8.683472336014965779e-06,1.191903528796546884e-06,2.423178699816874726e+00,1.255535236631066809e+00,5.834927657671746815e-01,1.053114422513837661e-01,1.810634107424186041e-05,2.194343889327221220e+01,5.529637518824001008e-01,3.402318579550879349e+03,7.369252169675735331e+01,7.592820746927132269e+00,1.668350132193541668e+00,2.911734972545677351e+02
1.988791666666666742e+03,7.665906665414989061e-06,1.220271225435379915e-06,2.283749594977715791e+00,1.064783866374740207e+00,4.647956548063670867e-01,3.941422965358999664e-02,1.636057553266295943e-05,1.808015355066279994e+01,5.686665962349142234e-01,3.401364537570485481e+03,7.493639293927567735e+01,7.596650579550858318e+00,1.670914393500296802e+00,2.911289481309938765e+02
1.988875000000000000e+03,6.764637523264687900e-06,1.231539974100833489e-06,2.184251514510048064e+00,9.533208645052236863e-01,4.219680601938158859e-01,2.847923053802598609e-02,1.559319412683187966e-05,1.352454332778871837e+01,6.009070656895094675e-01,3.399019940096670780e+03,7.948360811973222440e+01,7.603136218277377623e+00,1.672791972604976918e+00,2.905287960347420722e+02
1.989041666666666742e+03,7.488981566249480894e-06,1.211218747796006912e-06,2.049602903290856482e+00,9.058999514204340020e-01,4.286473975935990444e-01,4.693248050379529579e-02,1.530146823543601108e-05,1.180534041683755042e+01,6.503559183792485543e-01,3.408299578553057472e+03,9.279580994277611694e+01,7.676262498301612780e+00,1.646655935657701963e+00,2.883458517990015366e+02
1.989125000000000000e+03,8.372828938043215891e-06,1.197368087364358558e-06,1.981447714047916087e+00,8.982113017725941173e-01,4.251487080466173074e-01,5.024985870664824134e-02,1.517774107161578954e-05,1.572949755146103179e+01,6.427308993491160916e-01,3.409500768765760768e+03,9.814244762283924217e+01,7.670901506965870809e+00,1.648522391086752137e+00,2.875451676961549765e+02
1.989208333333333258e+03,9.675036436942594510e-06,1.181634696337386261e-06,1.979441610088297221e+00,9.625251349137835533e-01,4.542241634025594998e-01,6.270855559417447267e-02,1.642202472599378762e-05,1.994826108617169425e+01,6.448476263943500042e-01,3.412721613989886919e+03,1.009987030270684301e+02,7.665055376089211947e+00,1.650821957100094384e+00,2.872809680377515633e+02
1.989291666666666742e+03,1.012133978843965234e-05,1.173415758668888418e-06,2.103531564882472615e+00,1.081853266166155070e+00,5.140208904539176338e-01,9.329685157018459407e-02,1.812174343212416536e-05,2.344973701017395129e+01,6.210652002570730135e-01,3.415809187814705183e+03,9.751370348712859482e+01,7.658200923562334950e+00,1.653391378923529276e+00,2.875036005443139402e+02
1.989375000000000000e+03,1.288469093544924966e-05,1.169762748879399535e-06,2.242916692097243647e+00,1.230837721085664471e+00,5.897228414450709222e-01,1.067084512357950321e-01,1.968314319246300477e-05,2.497995416032102511e+01,5.893217469912677142e-01,3.412123754155934876e+03,8.659485051092647723e+01,7.650024327809048508e+00,1.655567082922654532e+00,2.881789956065832143e+02
1.989458333333333258e+03,9.844516359431921672e-06,1.166333456120928967e-06,2.470445075620605557e+00,1.451951404702772175e+00,7.158034704078909405e-01,1.490275601214696155e-01,2.191973847310634295e-05,2.478719125683534941e+01,5.596026465090956359e-01,3.405930324918146653e+03,7.700993056473710396e+01,7.638370984753501070e+00,1.658162452698439537e+00,2.891216971643065108e+02
1.989541666666666742e+03,8.722478556667946948e-06,1.157871609872502796e-06,2.562462557145545716e+00,1.535730841772860567e+00,7.768826004218597481e-01,1.841923712627108467e-01,2.274239538586977983e-05,2.369568845613101260e+01,5.419264414237817684e-01,3.399520197745018777e+03,7.396296185624012764e+01,7.625107362650941134e+00,1.661757211113403132e+00,2.900292225366766843e+02
1.989625000000000000e+03,7.337045966078305121e-06,1.166691828862689915e-06,2.524051875925787503e+00,1.461748460497425794e+00,7.143281953863795941e-01,1.573988032268696657e-01,2.124270686936080910e-05,2.341467992781246110e+01,5.410376930015012853e-01,3.395054213809206431e+03,7.354573012050688874e+01,7.612974571496813780e+00,1.666214381983516013e+00,2.907561451920632862e+02
1.989708333333333258e+03,8.280416320049623709e-06,1.166110021191860984e-06,2.468691505967428590e+00,1.279090672497090075e+00,5.993563529705766557e-01,1.212679951379131565e-01,1.851133174817582846e-05,2.176781200874061994e+01,5.472349401422518245e-01,3.394120333399233004e+03,7.392454974587245431e+01,7.606074086267603285e+00,1.670290751394093220e+00,2.911774446872511248e+02
1.989791666666666742e+03,7.420124926112133936e-06,1.184158644031462127e-06,2.306926909967068617e+00,1.085604945405756583e+00,4.829684808288237652e-01,6.206069935131029031e-02,1.656303971397221682e-05,1.792929682435809013e+01,5.741641083987329974e-01,3.394212315225992370e+03,7.570755706083798486e+01,7.612097394316805321e+00,1.673109577168004014e+00,2.911254451835030181e+02
1.989875000000000000e+03,5.897482161437314484e-06,1.188725002479248495e-06,2.226129848560608693e+00,9.859610481056841902e-01,4.330414361490099728e-01,3.042165007761376758e-02,1.597897330915430005e-05,1.386113609487066611e+01,6.029832912688627422e-01,3.395971706071644348e+03,8.012957479839167263e+01,7.616814624150578972e+00,1.675411038122395446e+00,2.905335072691862592e+02
1.990041666666666742e+03,7.701446115750250289e-06,1.176047230574626367e-06,2.056955162436026718e+00,9.085066516529211045e-01,4.215174072867244881e-01,3.716333482513527187e-02,1.540062919133761303e-05,1.296665728070449219e+01,6.474358989507023043e-01,3.405799624297682840e+03,9.265622663320239383e+01,7.691903787528483250e+00,1.649845188718432887e+00,2.883984089979998089e+02
1.990125000000000000e+03,8.036715427104103543e-06,1.173431492614227800e-06,2.049513743304068658e+00,9.412200651963160691e-01,4.439927805162870444e-01,5.359291189800832050e-02,1.600026639512675520e-05,1.464747310331370045e+01,6.546346083770234747e-01,3.407711017200853803e+03,9.807266618333461849e+01,7.685613630864366108e+00,1.651895171381195349e+00,2.876465498795195685e+02
1.990208333333333258e+03,8.131286389506504572e-06,1.165589317752233663e-06,2.061529837500357232e+00,9.871730743786959472e-01,4.649594181958902062e-01,6.556759500757222692e-02,1.692684882143129504e-05,1.896032102540410591e+01,6.306035747956305615e-01,3.407966922708430047e+03,1.004554584889022948e+02,7.679455548556010314e+00,1.654219095797565542e+00,2.873983368445418023e+02
1.990291666666666742e+03,1.072572239965412893e-05,1.152836837587700158e-06,2.108087194786395724e+00,1.072922018348423157e+00,5.042388320834030324e-01,8.316458292538633779e-02,1.805530133546150593e-05,2.359873115894991003e+01,6.200173800210810882e-01,3.410350852205397132e+03,9.700661594964876144e+01,7.672961386166219810e+00,1.656720112779234144e+00,2.877154506585039258e+02
1.990375000000000000e+03,1.213186783308382189e-05,1.150174769568137685e-06,2.256704504212228013e+00,1.232671677821251643e+00,5.841924114950834968e-01,9.966143000861332757e-02,1.991786881183132214e-05,2.472285944847569539e+01,5.885489547542739341e-01,3.408954402680674320e+03,8.570590053212328030e+01,7.664808211630638191e+00,1.659148794790496817e+00,2.884178656416381159e+02
1.990458333333333258e+03,1.000430061381896109e-05,1.142983953152645317e-06,2.484881924036223211e+00,1.438002138857240153e+00,7.003198357594887513e-01,1.487471633327297482e-01,2.185024733996280066e-05,2.405046694771525750e+01,5.510144659729069305e-01,3.403550224583699674e+03,7.621400050247088132e+01,7.654003968129589275e+00,1.661969996492939527e+00,2.893176003044690106e+02
1.990541666666666742e+03,8.347213431599298267e-06,1.154610956949281749e-06,2.558927566713714352e+00,1.518461487895787165e+00,7.619132537703523500e-01,1.691641706386617372e-01,2.261668820937406301e-05,2.459711936831869039e+01,5.429703789629368726e-01,3.397743530998199276e+03,7.359886064711500353e+01,7.641684993017853422e+00,1.665317952321879957e+00,2.901847333679939993e+02
1.990625000000000000e+03,7.987963028444624257e-06,1.168906075593819706e-06,2.515293943843505353e+00,1.443868293194860986e+00,6.949837857820669873e-01,1.348345656319866748e-01,2.115876408790920901e-05,2.362027984012828696e+01,5.362172375632154875e-01,3.392195727693184381e+03,7.310889761376772356e+01,7.629763044929512184e+00,1.669835370347688031e+00,2.908796124411472306e+02
1.990708333333333258e+03,7.613235667911659983e-06,1.172931765149182995e-06,2.457503798476662116e+00,1.251819098891844062e+00,5.788660419148605740e-01,1.021117065856931017e-01,1.804899370331667093e-05,2.209435524471924595e+01,5.397133112446035330e-01,3.388997831225794926e+03,7.345557294905950130e+01,7.622224841364206860e+00,1.673831354811571970e+00,2.913051717448038858e+02
1.990791666666666742e+03,7.145804029516121262e-06,1.172232865289532245e-06,2.297611215999443957e+00,1.066655844766360106e+00,4.643346477343608947e-01,3.190639553224873526e-02,1.641141207654654661e-05,1.752885867844734591e+01,5.725600303993025886e-01,3.390819351041108803e+03,7.507991602983668145e+01,7.627838890159593710e+00,1.676265025318967705e+00,2.912537504650465507e+02
1.990875000000000000e+03,6.579865398339733420e-06,1.181512398684164936e-06,2.185457224131174492e+00,9.476164005080235375e-01,4.100163395298833113e-01,9.443431019350866790e-03,1.519005066022256532e-05,1.422371095177028799e+01,5.983045760987312223e-01,3.392527778788603882e+03,7.983340334300449115e+01,7.632091565303146474e+00,1.678224753077851794e+00,2.906899141492174863e+02
1.991041666666666742e+03,7.024954952830525691e-06,1.178651417332190746e-06,2.063391610302066415e+00,9.135940258464779751e-01,4.294474809536543702e-01,3.591819263405698903e-02,1.509954417065092528e-05,1.241575165051497720e+01,6.556545717411307317e-01,3.402768299955832845e+03,9.385421622569538158e+01,7.705701317479922707e+00,1.652581477186440884e+00,2.885834713822001731e+02
1.991125000000000000e+03,8.082040507973694396e-06,1.166965931961747450e-06,2.060572119621735698e+00,9.466604160293335957e-01,4.550613575027285251e-01,6.150180923041376896e-02,1.614626910926540037e-05,1.483652944645127114e+01,6.443706656361981588e-01,3.408710379024440954e+03,9.859552046096099787e+01,7.698839530502399775e+00,1.654589137202376214e+00,2.877653396978524825e+02
1.991208333333333258e+03,8.925735357299118016e-06,1.153807742183864801e-06,2.054425120418894135e+00,9.580229263027416620e-01,4.455145923566001254e-01,4.482685783610308033e-02,1.674491701444766757e-05,2.052049068238197904e+01,6.411651236602581294e-01,3.410341373481957817e+03,1.016430081359465447e+02,7.692343719740039276e+00,1.656798338021799211e+00,2.874538725439997506e+02
1.991291666666666742e+03,1.064678374037213393e-05,1.146148181414376242e-06,2.129144363956982922e+00,1.066978989209997897e+00,4.937997881242056630e-01,7.402780301382265449e-02,1.795878831941574705e-05,2.391421804794519446e+01,6.194303717897311490e-01,3.411557690280855695e+03,9.746694590765569899e+01,7.686187249117442555e+00,1.658868994715576584e+00,2.876777567923530796e+02
1.991375000000000000e+03,1.163355838720737973e-05,1.156564634363837394e-06,2.256023324091706250e+00,1.197198395593598308e+00,5.531177049539889312e-01,6.594855324979528866e-02,1.936017189564415326e-05,2.565526879350549194e+01,5.830818085934362793e-01,3.406644335015941579e+03,8.643096953062929799e+01,7.678390246658711504e+00,1.661028329717937124e+00,2.883620224492778448e+02
1.991458333333333258e+03,9.103362503624390321e-06,1.166641425157755443e-06,2.481838990424674485e+00,1.444853564222717379e+00,6.949095621702590098e-01,1.115872021026066141e-01,2.229404505974723086e-05,2.389468859198422734e+01,5.574047584626958818e-01,3.402407564324339546e+03,7.631206982272817640e+01,7.666047269586038659e+00,1.663673918187714929e+00,2.893120196858375834e+02
1.991541666666666742e+03,8.209598250610667064e-06,1.158669365483848471e-06,2.573415963543083329e+00,1.517433582005292658e+00,7.569855846289892387e-01,1.537299268157849008e-01,2.277705508459890578e-05,2.357144559713363918e+01,5.371647729615551814e-01,3.395380263978920084e+03,7.381571813993350872e+01,7.650842434003373604e+00,1.667352606446186103e+00,2.902301221675822376e+02
1.991625000000000000e+03,7.980670086659482702e-06,1.159407908111482200e-06,2.512803798503771446e+00,1.413162197201963899e+00,6.719008929920093909e-01,1.114289770022014181e-01,2.062616417202507051e-05,2.407964520210565595e+01,5.305104554412004569e-01,3.389382508440457514e+03,7.329616959750778449e+01,7.637529132635574314e+00,1.671747863773843878e+00,2.909260974664929336e+02
1.991708333333333258e+03,6.687783060140684243e-06,1.170262791060420618e-06,2.430490874002075863e+00,1.242695659013147269e+00,5.725586959660933228e-01,8.936814170204866736e-02,1.768132110391155951e-05,2.233247144596377964e+01,5.359592782009122702e-01,3.385149960742608073e+03,7.350777168208293233e+01,7.630171401238415640e+00,1.675425495133102016e+00,2.913436957751342220e+02
1.991791666666666742e+03,6.343129838738667275e-06,1.172965714360373732e-06,2.321322674282822796e+00,1.052126471745292724e+00,4.511788899776251749e-01,1.809766386957761125e-02,1.599106360408499784e-05,1.840000033540886193e+01,5.664117982363295889e-01,3.384469547899061581e+03,7.497091155620049108e+01,7.633414340550949362e+00,1.677828167152790817e+00,2.913121450025884087e+02
1.991875000000000000e+03,5.502458713752644561e-06,1.174879351197854956e-06,2.233799246410072659e+00,9.699677676453321018e-01,4.281425001391092611e-01,2.725814326404860446e-02,1.533554782940602665e-05,1.414265149624889695e+01,5.986099996304599102e-01,3.385916639443726581e+03,7.950727415534713316e+01,7.638061785534335790e+00,1.679854446934346601e+00,2.906986708734182230e+02
1.992041666666666742e+03,5.945820046957252238e-06,1.168981141003820158e-06,2.059587428366795425e+00,8.987581862805480437e-01,4.237938616708467610e-01,3.596245304091887779e-02,1.453444858881435250e-05,1.245138330977241026e+01,6.415554985592166748e-01,3.394785223490596763e+03,9.240071070837551304e+01,7.712126236164238868e+00,1.654260637545087675e+00,2.884884076732907374e+02
1.992125000000000000e+03,6.622340163076056996e-06,1.166074883762266750e-06,2.049468573199486610e+00,9.245494231311405242e-01,4.348947642674814151e-01,4.858911092069368581e-02,1.563001722384941287e-05,1.507605029164330546e+01,6.442045381607626187e-01,3.399401593646410220e+03,9.777512604800413953e+01,7.705879432918806060e+00,1.656160866702781620e+00,2.877300466856873413e+02
1.992208333333333258e+03,8.124507603025493617e-06,1.158638569460057317e-06,2.034592545840932409e+00,9.483055226617094213e-01,4.416311935855637971e-01,4.699352326239152750e-02,1.605843396770167313e-05,2.053278338557488425e+01,6.338977166545689546e-01,3.401021768232914383e+03,1.006224439358622220e+02,7.700358939112867951e+00,1.657916388623962733e+00,2.874256550330282494e+02
1.992291666666666742e+03,9.653264307401661102e-06,1.147610763827078127e-06,2.117834188284364316e+00,1.046012340161196486e+00,4.844476446902653000e-01,6.760560455563187354e-02,1.770265203745715333e-05,2.443485419696799354e+01,6.185124391737468752e-01,3.402014646739336058e+03,9.810746377238794480e+01,7.693998541791991386e+00,1.659982229278036625e+00,2.876501000458472390e+02
1.992375000000000000e+03,1.120721233695510154e-05,1.148459081871005889e-06,2.223421178044256763e+00,1.192539358269196992e+00,5.544521330806653214e-01,7.158859503851061623e-02,1.959228911917874051e-05,2.561041541667722399e+01,5.865755164932288102e-01,3.397879995496179617e+03,8.710347053187679478e+01,7.686392154787684561e+00,1.662122980102472614e+00,2.883158795034817672e+02
1.992458333333333258e+03,8.631417730585402051e-06,1.148159469458006079e-06,2.452556471424639284e+00,1.416556403941171105e+00,6.889574976317710542e-01,1.269285574538885630e-01,2.169470056385905957e-05,2.411181193445771243e+01,5.513067620012194192e-01,3.390916866077214763e+03,7.792822284345372452e+01,7.674465845217933513e+00,1.664652034085887911e+00,2.892217451338270280e+02
1.992541666666666742e+03,7.431216928585911848e-06,1.141701976072495625e-06,2.542406473551536816e+00,1.496767721750846603e+00,7.541801648235090250e-01,1.810507109831380190e-01,2.192497754598163358e-05,2.438866703181162521e+01,5.355661617100968552e-01,3.384620133028214241e+03,7.441568971492742435e+01,7.660963847208535071e+00,1.668186158808916408e+00,2.900767779679267164e+02
1.992625000000000000e+03,7.568230927183535816e-06,1.141051696042054420e-06,2.504063401769058395e+00,1.414629312941377393e+00,6.819959684803250655e-01,1.377064563503995753e-01,2.033004918189058543e-05,2.436845861219067544e+01,5.380338426364231763e-01,3.382350473276744651e+03,7.390241457801876379e+01,7.649563661816248583e+00,1.672767766768817888e+00,2.907188046366221101e+02
1.992708333333333258e+03,7.205343035949325526e-06,1.145715430609728154e-06,2.464780036701363031e+00,1.261851772852838227e+00,5.907590244745239971e-01,1.195355377652465717e-01,1.783665462017031288e-05,2.245354861284409154e+01,5.503022951688727460e-01,3.385595713012441593e+03,7.415013456035006811e+01,7.643572375595220514e+00,1.676505190833869952e+00,2.911255258533508936e+02
1.992791666666666742e+03,6.513879947143546468e-06,1.150850283447964418e-06,2.316248511198716997e+00,1.072827430992433939e+00,4.844242685887623634e-01,6.364010656905606800e-02,1.621630399165688828e-05,1.743956983107630165e+01,5.729773948966809805e-01,3.386066379511410105e+03,7.623666890699992393e+01,7.649166687600083669e+00,1.679501664727560017e+00,2.910460207079595421e+02
1.992875000000000000e+03,6.042646340014669266e-06,1.160444814795174705e-06,2.213703847115862544e+00,9.663934268258520532e-01,4.287451352082340961e-01,2.948082097362896351e-02,1.527142713558963730e-05,1.388317254792699629e+01,6.128805482669231752e-01,3.388731213004357869e+03,8.126338828466424502e+01,7.652725936905207860e+00,1.681491616421456614e+00,2.904010936711050022e+02
1.993041666666666742e+03,7.437206638013832329e-06,1.157322398623460989e-06,2.090627033690365177e+00,9.230289867885229649e-01,4.390451275660460784e-01,4.695386207296024794e-02,1.544059529026518959e-05,1.120053206431181891e+01,6.628932981709175776e-01,3.398765936479972879e+03,9.407872142344895394e+01,7.726629582667301044e+00,1.656168465850957006e+00,2.882752739657119037e+02
1.993125000000000000e+03,7.558529914591536913e-06,1.152095076032985877e-06,2.075858852749802974e+00,9.456965863420603302e-01,4.557394093572189053e-01,6.900624919624102904e-02,1.598182139693825091e-05,1.502104964213453009e+01,6.567237029041210761e-01,3.405016498029156082e+03,9.985815826664342865e+01,7.720448364456748536e+00,1.658499127062367462e+00,2.875294478916920866e+02
1.993208333333333258e+03,8.781950314098185432e-06,1.143627195028323955e-06,2.048169771165893049e+00,9.566560803888801701e-01,4.499384878082122730e-01,5.873116708770782790e-02,1.639204696324283940e-05,1.944667698001414280e+01,6.418376365913524007e-01,3.407298538304995418e+03,1.024447223156854108e+02,7.716276955675206217e+00,1.660827752899626697e+00,2.872302306340661744e+02
1.993291666666666742e+03,9.744274452145883743e-06,1.136882376689956077e-06,2.103609410060029106e+00,1.033741381513834767e+00,4.760811873488195456e-01,5.801198088987902929e-02,1.756938264395240269e-05,2.342565317337725617e+01,6.172408057282243732e-01,3.407119418892903923e+03,9.749131991269427999e+01,7.711058072133531560e+00,1.663074886015110998e+00,2.874639992942620665e+02
1.993375000000000000e+03,1.140248253525083139e-05,1.139930992337242425e-06,2.264816642928188184e+00,1.219065786221986469e+00,5.740490815461497531e-01,8.309297817553132348e-02,1.985023775040787013e-05,2.460120839414759786e+01,5.887046052343384295e-01,3.404681030190557067e+03,8.708209517222206841e+01,7.703032591718127264e+00,1.665060731910021463e+00,2.881848127919924991e+02
1.993458333333333258e+03,9.787865875971025768e-06,1.141093827971510495e-06,2.480643821488562661e+00,1.431752317121417928e+00,6.994974438952380469e-01,1.420641176632402858e-01,2.206925581296626044e-05,2.348647780171142685e+01,5.579472472052773302e-01,3.399591602268569659e+03,7.680940171795735694e+01,7.691979114479919666e+00,1.667482824485540416e+00,2.891445335644759780e+02
1.993541666666666742e+03,7.975984312708501775e-06,1.144683301136604935e-06,2.583986021362205232e+00,1.521585869432940274e+00,7.629694521404227769e-01,1.668201267645169350e-01,2.236029193775141807e-05,2.369351021223386056e+01,5.406987364608938362e-01,3.394203538849465986e+03,7.402146115006094362e+01,7.679028220311468367e+00,1.670950755575594693e+00,2.900292669702069475e+02
1.993625000000000000e+03,7.731307814007435004e-06,1.145164338395266103e-06,2.515612377295485036e+00,1.432138245175072822e+00,6.923896971287126778e-01,1.346653820000786872e-01,2.054666474097966447e-05,2.358353246326596064e+01,5.388952925259682392e-01,3.389275435369772367e+03,7.369571809481234936e+01,7.666978019118836585e+00,1.675204932056709950e+00,2.907411793380696849e+02
1.993708333333333258e+03,7.292620035386562336e-06,1.147874108755461003e-06,2.440223558840706630e+00,1.248096183758056199e+00,5.869105327210520917e-01,1.146707114723300863e-01,1.794277810828451600e-05,2.231161208826435782e+01,5.494319135171678026e-01,3.390192829288582743e+03,7.391304046523065097e+01,7.660205426604707490e+00,1.679523561692356504e+00,2.911571570726732148e+02
1.993791666666666742e+03,6.360654201042184917e-06,1.162884742965316272e-06,2.297388981250932716e+00,1.060643966185783604e+00,4.632035471276234606e-01,3.064131538363649987e-02,1.633182804440413863e-05,1.758399544142566739e+01,5.749657673406715075e-01,3.390078268426974319e+03,7.567631995700025982e+01,7.666045269440102672e+00,1.682370898964411721e+00,2.910751499981462871e+02
1.993875000000000000e+03,6.164323817021369689e-06,1.166769185235621398e-06,2.213522579982083460e+00,9.546331586272660541e-01,4.148428167983211901e-01,1.601538969313095334e-02,1.549832713058970631e-05,1.514899442736461310e+01,6.165784417246124027e-01,3.392501383122028074e+03,8.006992478219520137e+01,7.670074543352405350e+00,1.684292123801794716e+00,2.904748317436801130e+02
1.994041666666666742e+03,6.908789164100131052e-06,1.167000342099341272e-06,2.053444769426088001e+00,9.038922021823722064e-01,4.252661260007074007e-01,2.929491516117648311e-02,1.488438314836263981e-05,1.230870662974428775e+01,6.507242684177383385e-01,3.401092175854791094e+03,9.401230214792704487e+01,7.745439196325062170e+00,1.658611887164525012e+00,2.882894816423418547e+02
1.994125000000000000e+03,8.000567805454165618e-06,1.163628367519267040e-06,2.031523410369833638e+00,9.209384698982240325e-01,4.414974533031557624e-01,5.692156356721197324e-02,1.551920523032031580e-05,1.465915679130599436e+01,6.562374748670487534e-01,3.406896566999588231e+03,9.990405388567536704e+01,7.738712429813298321e+00,1.660720331302900421e+00,2.875566149876597706e+02
1.994208333333333258e+03,1.005360130461981662e-05,1.165003922222097017e-06,2.049601751815479211e+00,9.601571372244154245e-01,4.542044270093947289e-01,5.998456640711888332e-02,1.669039077245935813e-05,1.801623277171638549e+01,6.412527291253803385e-01,3.409779617736315686e+03,1.023883891970211835e+02,7.732161784003431571e+00,1.662955750213638062e+00,2.872020101729092971e+02
1.994291666666666742e+03,1.082058091173511544e-05,1.160409180180006561e-06,2.123673522687269610e+00,1.034920874622189846e+00,4.678959659289104178e-01,4.501741839402252643e-02,1.754132285611227082e-05,2.300654387960564407e+01,6.116739292800732475e-01,3.407184783649874589e+03,9.762993689705140810e+01,7.725110436215577359e+00,1.665358317395640553e+00,2.874559111079907439e+02
1.994375000000000000e+03,1.158906289539636177e-05,1.170680697571557331e-06,2.225533799069924434e+00,1.179565557825763999e+00,5.453953428919580126e-01,5.526444167112088551e-02,1.960435205288794803e-05,2.390456199218830946e+01,5.800847826562378629e-01,3.402169246594671222e+03,8.629981757575380641e+01,7.716563114622782216e+00,1.667625666673783646e+00,2.882012402847379917e+02
1.994458333333333258e+03,9.963827775761839923e-06,1.172375978558306827e-06,2.425752835514705108e+00,1.394774002615536190e+00,6.591515040523380220e-01,8.823521094418364241e-02,2.149107900856296523e-05,2.343186966298824814e+01,5.504233440315170478e-01,3.395567130800011455e+03,7.662569229664069326e+01,7.704377749851456514e+00,1.670312888567555332e+00,2.891846337926245951e+02
1.994541666666666742e+03,8.036976143751130869e-06,1.172389540949492968e-06,2.514583229684328458e+00,1.481979222113486205e+00,7.337910995298915218e-01,1.313912089885173329e-01,2.202702917597559458e-05,2.391334385624571013e+01,5.363939527332211021e-01,3.390951476015659409e+03,7.401726946604971147e+01,7.688994453017686581e+00,1.673785832848917687e+00,2.900632285494260714e+02
1.994625000000000000e+03,8.056514458817667587e-06,1.170147523709253027e-06,2.466751504211304624e+00,1.396605607342326971e+00,6.651597957601945721e-01,1.050789884018819981e-01,2.033757240872546907e-05,2.365865256752826440e+01,5.370310180779948039e-01,3.387473880786778864e+03,7.366500107273837727e+01,7.674434719062244170e+00,1.678261765747989687e+00,2.907885552858956544e+02
1.994708333333333258e+03,7.599008178314948261e-06,1.182515701371737561e-06,2.405345506006552725e+00,1.215609412764820485e+00,5.512584028414575510e-01,6.718295069487677240e-02,1.755129072124681831e-05,2.186260290387960126e+01,5.392092363561241664e-01,3.387777326392752911e+03,7.388812710375547965e+01,7.665721480973067159e+00,1.682164300037744198e+00,2.912327981523650351e+02
1.994791666666666742e+03,6.549207415526188956e-06,1.198810102589824271e-06,2.286686603666320927e+00,1.054948752182957250e+00,4.537490761716951315e-01,1.645080424298804578e-02,1.586884098932522840e-05,1.836326304518199137e+01,5.771457459652742372e-01,3.389991046164444469e+03,7.510155903712045244e+01,7.667483412180041924e+00,1.684410091333353288e+00,2.912480097481602002e+02
1.994875000000000000e+03,5.968721127392627940e-06,1.204520827860941782e-06,2.251102415308048776e+00,9.693357978776919737e-01,4.231872764452329627e-01,1.579939406987736911e-02,1.565242220897180973e-05,1.362021948196921706e+01,6.094509423664663528e-01,3.392362199089202932e+03,7.966760785337983464e+01,7.670837596036704120e+00,1.686360009731147525e+00,2.906932827186738564e+02
1.995041666666666742e+03,6.817676092731124170e-06,1.193890642030239134e-06,2.097140499280532477e+00,9.121352577548207385e-01,4.303014526195336753e-01,3.595561001990956601e-02,1.533894436999195363e-05,1.156243639197469797e+01,6.427826386942039338e-01,3.401475195846460792e+03,9.188851439057131643e+01,7.743974106706131622e+00,1.660277939253983925e+00,2.885169264338105677e+02
1.995125000000000000e+03,7.535025423344145531e-06,1.184583582867718770e-06,2.058458855762485218e+00,9.247499997713486408e-01,4.414233324962678617e-01,5.812009699530167051e-02,1.562212311489730233e-05,1.494083808303891026e+01,6.396075187335357182e-01,3.405053837448079776e+03,9.699201071501117610e+01,7.737703400610364213e+00,1.662255806278286840e+00,2.877860925018229636e+02
1.995208333333333258e+03,8.680124632054742582e-06,1.175532498980649590e-06,2.051024650409525307e+00,9.745847785456541734e-01,4.611316808947957258e-01,6.814503210169640945e-02,1.696081592987444290e-05,1.974337353642424020e+01,6.383640323310838527e-01,3.408634645866518440e+03,9.958130450597286654e+01,7.732381671433613768e+00,1.664360180630251707e+00,2.875094504718434223e+02
1.995291666666666742e+03,1.072210306650999104e-05,1.166262956449922770e-06,2.134347919516363046e+00,1.061504385430983355e+00,4.990249736876423148e-01,8.134029451486901596e-02,1.800059375559636665e-05,2.368598215001095042e+01,6.151479970098513439e-01,3.408167612188443400e+03,9.612655810831417114e+01,7.726597241504465252e+00,1.666254950713820238e+00,2.877030152444631312e+02
1.995375000000000000e+03,1.140020807764690543e-05,1.173364541440418461e-06,2.255235403634699765e+00,1.209745355057954219e+00,5.689295653874365533e-01,8.396070483707999965e-02,1.968935387131738829e-05,2.447328425609050484e+01,5.875278880834100548e-01,3.405243772523686857e+03,8.553956837731203677e+01,7.718343516029629647e+00,1.668446556386062873e+00,2.883836576090814674e+02
1.995458333333333258e+03,9.483967114762397509e-06,1.172563886453925036e-06,2.462939391376421039e+00,1.436270579224052213e+00,6.961449461546433959e-01,1.179308406802390130e-01,2.212549366951753287e-05,2.376952150817714227e+01,5.492191439035771783e-01,3.397276861809973525e+03,7.608905585887691814e+01,7.706422077112063285e+00,1.671387391914833653e+00,2.893339085756912823e+02
1.995541666666666742e+03,8.678295629952256158e-06,1.166492440713863137e-06,2.542551728530958233e+00,1.516933456811301317e+00,7.570106599365605815e-01,1.580860031655124676e-01,2.293000273159237642e-05,2.311632042707844192e+01,5.386969179234039062e-01,3.391671537781290681e+03,7.388543127425066359e+01,7.691677370808003289e+00,1.675023393930124449e+00,2.902472653095259147e+02
1.995625000000000000e+03,8.615000669131362410e-06,1.185308046775805387e-06,2.498378795278817677e+00,1.414451800178153418e+00,6.691548849140065425e-01,1.043103395280435414e-01,2.104033634385979538e-05,2.282878945415869509e+01,5.366092807341331650e-01,3.389419337685392293e+03,7.358002058806265211e+01,7.677114693466969619e+00,1.679596591575644338e+00,2.909709087977116724e+02
1.995708333333333258e+03,7.562009393260748357e-06,1.203709065729820707e-06,2.434019670432024718e+00,1.234793045625560914e+00,5.655745043627491420e-01,8.113063340520482170e-02,1.806490048954784568e-05,2.196401000761174416e+01,5.425407795760103236e-01,3.386036262581861592e+03,7.386429674820678315e+01,7.668310177884870349e+00,1.683454596790881164e+00,2.914361885676532324e+02
1.995791666666666742e+03,7.256536400854891518e-06,1.212351971103732078e-06,2.339698185064975178e+00,1.073517592673087107e+00,4.583196963440345217e-01,2.589193358694251088e-02,1.645097577770944031e-05,1.738882386278011438e+01,5.707579147294032929e-01,3.387635826480274318e+03,7.524894548833424324e+01,7.672204139446477278e+00,1.685728684598524429e+00,2.913924589978192330e+02
1.995875000000000000e+03,6.797823111606979610e-06,1.217731096523291176e-06,2.230453278130276829e+00,9.536653026287441604e-01,4.233684288527921891e-01,2.682447275689535393e-02,1.553334003843279717e-05,1.267763503108397316e+01,5.978230937153418134e-01,3.388856899709821846e+03,7.985769117895696922e+01,7.678149936472554060e+00,1.687347860129126964e+00,2.907921774408024476e+02
