year,month,LAI,GPP,NEP,soilC,evap,sens,runoff,col_water,dec_estimated
1981.000000,1.000000,1.750214,0.852527,0.052708,7.498987,1.371168,12.687273,0.619488,3413.986396,0.000000
1981.000000,2.000000,1.797233,0.924578,0.101323,7.490618,1.515456,16.930031,0.723168,3423.644903,0.000000
1981.000000,3.000000,1.823550,0.958548,0.099255,7.482987,1.582848,21.755374,0.753408,3426.239528,0.000000
1981.000000,4.000000,1.946954,1.042572,0.108392,7.475227,1.694304,26.281454,0.832896,3427.921831,0.000000
1981.000000,5.000000,2.071903,1.190846,0.140179,7.467058,1.855872,27.508500,1.053216,3428.188273,0.000000
1981.000000,6.000000,2.302602,1.411864,0.210746,7.455966,2.035584,27.088214,0.894240,3423.984358,0.000000
1981.000000,7.000000,2.395472,1.503936,0.233270,7.443494,2.127168,26.958914,0.833760,3420.211138,0.000000
1981.000000,8.000000,2.359617,1.426370,0.179987,7.431919,1.980288,27.122768,0.751680,3415.080432,0.000000
1981.000000,9.000000,2.287622,1.242513,0.159375,7.426403,1.690848,26.754751,0.703296,3412.678341,0.000000
1981.000000,10.000000,2.146018,1.051254,0.077910,7.433741,1.526688,21.940267,0.626400,3413.824205,0.000000
1981.000000,11.000000,2.063310,0.968965,0.072364,7.440208,1.455840,16.549913,0.575424,3416.840726,0.000000
1981.000000,12.000000,2.031864,0.928052,0.088856,7.440902,1.402642,13.785773,0.617667,3418.530105,1.000000
1982.000000,1.000000,1.917334,0.892966,0.072137,7.519772,1.373760,15.415642,0.722304,3422.397192,0.000000
1982.000000,2.000000,1.890168,0.909913,0.084989,7.516938,1.444608,18.932119,0.742176,3425.980215,0.000000
1982.000000,3.000000,1.912775,0.962623,0.098217,7.514210,1.578528,23.254193,0.890784,3430.388641,0.000000
1982.000000,4.000000,1.997349,1.048931,0.113766,7.510565,1.680480,26.165566,0.987552,3429.934961,0.000000
1982.000000,5.000000,2.148902,1.199698,0.124130,7.504917,1.849824,28.068791,1.054080,3425.561599,0.000000
1982.000000,6.000000,2.337796,1.384830,0.167774,7.497293,2.007072,28.356654,0.846720,3419.267839,0.000000
1982.000000,7.000000,2.425676,1.485672,0.184623,7.486714,2.068416,27.773162,0.641088,3409.029971,0.000000
1982.000000,8.000000,2.372700,1.400488,0.162776,7.476761,1.896480,28.579380,0.654048,3405.730018,0.000000
1982.000000,9.000000,2.310853,1.230046,0.110438,7.472186,1.641600,26.814436,0.609984,3402.320788,0.000000
1982.000000,10.000000,2.226359,1.084869,0.073635,7.479851,1.550880,22.360791,0.564192,3405.155961,0.000000
1982.000000,11.000000,2.124324,0.952905,0.047581,7.486787,1.416960,18.240524,0.505440,3408.385878,0.000000
1982.000000,12.000000,2.082170,0.915711,0.060572,7.489177,1.392274,14.177332,0.514851,3410.810707,1.000000
1983.000000,1.000000,1.956934,0.884344,0.040353,7.569743,1.391904,14.508149,0.586656,3415.413244,0.000000
1983.000000,2.000000,1.919496,0.882564,0.037099,7.566422,1.419552,19.160016,0.637632,3417.265672,0.000000
1983.000000,3.000000,1.896693,0.928766,0.060328,7.562812,1.516320,23.570088,0.738720,3420.514486,0.000000
1983.000000,4.000000,1.992719,1.037047,0.085481,7.557375,1.681344,26.862540,0.961632,3424.135974,0.000000
1983.000000,5.000000,2.123103,1.157691,0.091591,7.551268,1.828224,28.550030,1.065312,3423.987432,0.000000
1983.000000,6.000000,2.336192,1.378889,0.143502,7.543046,2.001024,28.486262,0.827712,3417.862856,0.000000
1983.000000,7.000000,2.456019,1.491278,0.176008,7.530538,2.083104,27.614783,0.676512,3409.813889,0.000000
1983.000000,8.000000,2.431377,1.436304,0.153041,7.518544,1.951776,27.577543,0.667872,3406.014521,0.000000
1983.000000,9.000000,2.393805,1.265118,0.134104,7.512089,1.704672,26.440880,0.692064,3405.020553,0.000000
1983.000000,10.000000,2.243919,1.060764,0.048057,7.519276,1.491264,22.187088,0.637632,3406.872729,0.000000
1983.000000,11.000000,2.173408,0.982589,0.050506,7.527119,1.450656,15.555035,0.519264,3410.235829,0.000000
1983.000000,12.000000,2.131335,0.957453,0.085123,7.527053,1.430722,12.811763,0.548979,3414.418137,1.000000
1984.000000,1.000000,2.006179,0.938143,0.086530,7.605163,1.435104,14.462500,0.641088,3420.778152,0.000000
1984.000000,2.000000,1.989654,0.931155,0.082611,7.600222,1.438560,18.175437,0.770688,3424.597727,0.000000
1984.000000,3.000000,1.985306,0.952131,0.068576,7.596993,1.520640,24.101698,0.811296,3426.809242,0.000000
1984.000000,4.000000,2.077573,1.035307,0.081430,7.592912,1.626912,26.124814,1.031616,3428.889221,0.000000
1984.000000,5.000000,2.197659,1.176167,0.086390,7.586840,1.810080,27.469811,1.134432,3425.752492,0.000000
1984.000000,6.000000,2.420623,1.409418,0.153927,7.576983,2.034720,27.412754,0.892512,3421.184410,0.000000
1984.000000,7.000000,2.494175,1.492422,0.189957,7.565491,2.066688,27.851636,0.781920,3414.908582,0.000000
1984.000000,8.000000,2.467808,1.432533,0.160055,7.554647,1.928448,27.332857,0.745632,3409.565419,0.000000
1984.000000,9.000000,2.469430,1.280996,0.146450,7.549336,1.694304,25.800557,0.738720,3408.819863,0.000000
1984.000000,10.000000,2.329902,1.091634,0.062964,7.557342,1.554336,21.219800,0.615168,3410.116728,0.000000
1984.000000,11.000000,2.224464,0.999342,0.058025,7.563186,1.439424,17.629275,0.543456,3412.912505,0.000000
1984.000000,12.000000,2.172420,0.944707,0.067473,7.562463,1.378882,14.221183,0.537747,3414.729404,1.000000
1985.000000,1.000000,2.037294,0.895898,0.043712,7.639916,1.342656,15.207100,0.594432,3418.724011,0.000000
1985.000000,2.000000,2.023925,0.928932,0.057419,7.634806,1.485216,16.901353,0.731808,3423.885904,0.000000
1985.000000,3.000000,1.998445,0.928606,0.048420,7.630382,1.516320,22.945602,0.804384,3423.574965,0.000000
1985.000000,4.000000,2.099572,1.054393,0.075746,7.625000,1.667520,26.480010,0.947808,3426.306873,0.000000
1985.000000,5.000000,2.223723,1.199145,0.100934,7.617682,1.823904,27.527163,1.103328,3422.309528,0.000000
1985.000000,6.000000,2.402310,1.370133,0.131504,7.607672,1.967328,27.767403,0.897696,3414.854314,0.000000
1985.000000,7.000000,2.523243,1.497276,0.183798,7.595439,2.047680,28.474347,0.667872,3407.828545,0.000000
1985.000000,8.000000,2.496747,1.422763,0.151154,7.584516,1.911168,28.012625,0.758592,3407.013543,0.000000
1985.000000,9.000000,2.420322,1.247088,0.122166,7.579445,1.657152,26.362091,0.738720,3407.488358,0.000000
1985.000000,10.000000,2.301482,1.080678,0.050389,7.585119,1.525824,21.377247,0.622080,3408.863039,0.000000
1985.000000,11.000000,2.264696,1.004863,0.036918,7.588914,1.512000,16.155446,0.526176,3413.066519,0.000000
1985.000000,12.000000,2.204329,0.960111,0.059485,7.587579,1.444978,12.897913,0.577059,3414.979000,1.000000
1986.000000,1.000000,2.060879,0.921187,0.048842,7.664420,1.402272,14.034390,0.690336,3419.069189,0.000000
1986.000000,2.000000,2.043949,0.933542,0.065168,7.658220,1.441152,18.823751,0.698112,3421.762223,0.000000
1986.000000,3.000000,2.049958,0.971641,0.073691,7.653288,1.523232,24.276806,0.864864,3422.678829,0.000000
1986.000000,4.000000,2.073903,1.031438,0.058186,7.648856,1.619136,28.045812,0.960768,3421.328090,0.000000
1986.000000,5.000000,2.210177,1.189335,0.060303,7.641166,1.824768,28.164626,1.013472,3417.683247,0.000000
1986.000000,6.000000,2.448127,1.413162,0.121711,7.628860,2.045952,27.817217,0.849312,3411.717431,0.000000
1986.000000,7.000000,2.566398,1.506955,0.177259,7.615863,2.075328,28.269834,0.711072,3405.815071,0.000000
1986.000000,8.000000,2.520864,1.434413,0.147558,7.605004,1.947456,28.248874,0.605664,3400.059954,0.000000
1986.000000,9.000000,2.482460,1.267072,0.121209,7.598727,1.704672,26.284764,0.603936,3398.607322,0.000000
1986.000000,10.000000,2.342276,1.112289,0.069059,7.604985,1.564704,21.423893,0.648864,3401.388032,0.000000
1986.000000,11.000000,2.283970,0.993821,0.053255,7.609960,1.471392,17.712889,0.586656,3403.011647,0.000000
1986.000000,12.000000,2.218609,0.952747,0.061112,7.608787,1.425106,13.690176,0.533859,3403.733290,1.000000
1987.000000,1.000000,2.070166,0.917500,0.035759,7.685790,1.403136,14.061473,0.543456,3406.632641,0.000000
1987.000000,2.000000,2.062882,0.942194,0.052870,7.679570,1.493856,18.018453,0.589248,3409.433684,0.000000
1987.000000,3.000000,2.060480,0.969153,0.058205,7.673954,1.581984,24.001242,0.667872,3412.046728,0.000000
1987.000000,4.000000,2.096425,1.016414,0.034880,7.668338,1.641600,27.164892,0.949536,3412.727777,0.000000
1987.000000,5.000000,2.209308,1.169404,0.059413,7.660679,1.793664,29.941506,0.914976,3406.711771,0.000000
1987.000000,6.000000,2.429816,1.401484,0.103777,7.649420,2.052000,28.140301,0.735264,3401.556308,0.000000
1987.000000,7.000000,2.540003,1.484329,0.139403,7.634966,2.090880,28.171631,0.655776,3392.243011,0.000000
1987.000000,8.000000,2.484948,1.405559,0.132192,7.623015,1.910304,29.331385,0.657504,3388.974136,0.000000
1987.000000,9.000000,2.408934,1.235673,0.089958,7.616871,1.659744,27.003887,0.603072,3388.097691,0.000000
1987.000000,10.000000,2.286091,1.045449,0.016503,7.623171,1.496448,23.216314,0.540000,3389.686294,0.000000
1987.000000,11.000000,2.174828,0.950023,-0.000619,7.628355,1.424736,18.180424,0.481248,3391.503734,0.000000
1987.000000,12.000000,2.145675,0.924880,0.030185,7.625165,1.411282,14.692296,0.485907,3396.264221,1.000000
1988.000000,1.000000,2.033441,0.905564,0.027779,7.700150,1.422144,15.598179,0.552960,3403.202414,0.000000
1988.000000,2.000000,2.008828,0.908380,0.050230,7.693819,1.430784,18.892420,0.674784,3408.113674,0.000000
1988.000000,3.000000,2.003816,0.933416,0.037703,7.687581,1.539648,23.613898,0.776736,3412.141518,0.000000
1988.000000,4.000000,2.091976,1.054566,0.069634,7.680315,1.690848,27.357871,0.875232,3413.247515,0.000000
1988.000000,5.000000,2.256072,1.209990,0.082375,7.671028,1.861920,28.826015,1.010016,3409.458704,0.000000
1988.000000,6.000000,2.471409,1.429857,0.133217,7.659306,2.067552,28.786228,0.780192,3401.570385,0.000000
1988.000000,7.000000,2.531976,1.520600,0.161538,7.645463,2.148768,28.193696,0.728352,3397.346222,0.000000
1988.000000,8.000000,2.488088,1.420429,0.116009,7.631421,1.962144,28.157692,0.779328,3396.489025,0.000000
1988.000000,9.000000,2.435421,1.261878,0.105897,7.622868,1.692576,26.266668,0.755136,3399.876768,0.000000
1988.000000,10.000000,2.295288,1.070164,0.039639,7.626720,1.525824,21.956139,0.672192,3398.899741,0.000000
1988.000000,11.000000,2.195288,0.958138,0.028642,7.633241,1.450656,16.212835,0.595296,3396.532876,0.000000
1988.000000,12.000000,2.169164,0.931394,0.054516,7.630902,1.422514,12.943423,0.593043,3400.108109,1.000000
1989.000000,1.000000,2.059959,0.910477,0.047180,7.706739,1.418688,14.068022,0.653184,3405.861049,0.000000
1989.000000,2.000000,1.991459,0.902750,0.050509,7.701352,1.413504,18.747388,0.736128,3407.069599,0.000000
1989.000000,3.000000,1.989443,0.967388,0.063030,7.695477,1.536192,23.801692,0.851904,3410.307785,0.000000
1989.000000,4.000000,2.114160,1.087319,0.093774,7.688588,1.697760,27.896911,0.902016,3413.411781,0.000000
1989.000000,5.000000,2.254249,1.237057,0.107266,7.680371,1.843776,29.431068,1.136160,3409.707234,0.000000
1989.000000,6.000000,2.482927,1.459287,0.149833,7.668661,2.051136,29.240326,0.845856,3403.479880,0.000000
1989.000000,7.000000,2.575409,1.543489,0.185199,7.655336,2.128032,28.283129,0.724896,3397.050228,0.000000
1989.000000,8.000000,2.536803,1.469133,0.158262,7.643149,1.986336,27.985573,0.622080,3392.571554,0.000000
1989.000000,9.000000,2.481164,1.285553,0.121920,7.636218,1.729728,26.184774,0.692928,3391.605043,0.000000
1989.000000,10.000000,2.318583,1.091090,0.062405,7.642274,1.544832,21.655534,0.637632,3391.691871,0.000000
1989.000000,11.000000,2.237378,0.990943,0.030596,7.647018,1.484352,16.831355,0.506304,3393.461484,0.000000
1989.000000,12.000000,2.193904,0.949106,0.050582,7.645665,1.444114,13.921603,0.552003,3397.311125,1.000000
1990.000000,1.000000,2.067348,0.913097,0.037358,7.722489,1.428192,15.405861,0.660096,3403.338473,0.000000
1990.000000,2.000000,2.059869,0.945976,0.053869,7.716167,1.491264,17.676937,0.705024,3405.260754,0.000000
1990.000000,3.000000,2.071946,0.992161,0.065904,7.709978,1.582848,22.717708,0.711072,3405.518940,0.000000
1990.000000,4.000000,2.118738,1.078343,0.083591,7.703452,1.689984,28.255003,0.946080,3407.914970,0.000000
1990.000000,5.000000,2.268107,1.238900,0.100185,7.695258,1.864512,29.231347,1.077408,3406.509247,0.000000
1990.000000,6.000000,2.497437,1.445267,0.149565,7.684403,2.044224,28.737428,0.865728,3401.085612,0.000000
1990.000000,7.000000,2.571855,1.526132,0.170125,7.672029,2.114208,29.208452,0.698112,3395.291789,0.000000
1990.000000,8.000000,2.528001,1.451162,0.135589,7.660055,1.978560,28.138000,0.688608,3389.688914,0.000000
1990.000000,9.000000,2.469919,1.258143,0.102668,7.652483,1.688256,26.320117,0.641952,3386.438807,0.000000
1990.000000,10.000000,2.309220,1.072045,0.032100,7.658129,1.531008,21.282305,0.634176,3388.262634,0.000000
1990.000000,11.000000,2.196499,0.952404,0.009512,7.662405,1.411776,17.269008,0.566784,3389.980256,0.000000
1990.000000,12.000000,2.181637,0.933143,0.034530,7.661258,1.406592,14.450100,0.552096,3393.209773,0.000000
1991.000000,1.000000,2.073817,0.918210,0.036111,7.736389,1.400544,14.804723,0.596160,3400.274786,0.000000
1991.000000,2.000000,2.070983,0.951443,0.061821,7.729494,1.503360,18.007597,0.701568,3406.248094,0.000000
1991.000000,3.000000,2.064805,0.962863,0.045060,7.722966,1.566432,24.349740,0.776736,3407.888107,0.000000
1991.000000,4.000000,2.139902,1.072370,0.074410,7.716779,1.682208,28.429494,0.939168,3409.112032,0.000000
1991.000000,5.000000,2.267422,1.203247,0.066301,7.708943,1.812672,30.279433,1.017792,3404.168086,0.000000
1991.000000,6.000000,2.494378,1.452153,0.112210,7.696541,2.085696,28.651520,0.769824,3399.910166,0.000000
1991.000000,7.000000,2.586417,1.525098,0.154606,7.681266,2.129760,28.381987,0.686016,3392.884257,0.000000
1991.000000,8.000000,2.525498,1.420300,0.112075,7.667894,1.928448,28.702379,0.679104,3386.868956,0.000000
1991.000000,9.000000,2.442769,1.248974,0.089872,7.660505,1.652832,26.770085,0.565056,3382.594687,0.000000
1991.000000,10.000000,2.333051,1.057442,0.018223,7.663767,1.493856,21.975513,0.537408,3381.886827,0.000000
1991.000000,11.000000,2.245086,0.974869,0.027417,7.668441,1.424736,17.185396,0.467424,3383.336163,0.000000
1991.000000,12.000000,2.199081,0.936171,0.048391,7.666573,1.373266,13.776967,0.448755,3386.705357,1.000000
1992.000000,1.000000,2.069994,0.903299,0.036155,7.742881,1.346112,14.762548,0.492480,3392.252258,0.000000
1992.000000,2.000000,2.059824,0.929221,0.048843,7.736604,1.455840,18.166504,0.574560,3396.892981,0.000000
1992.000000,3.000000,2.044872,0.953097,0.047238,7.731056,1.500768,24.550556,0.703296,3398.522235,0.000000
1992.000000,4.000000,2.128535,1.051297,0.067955,7.724664,1.658016,28.850058,0.829440,3399.520801,0.000000
1992.000000,5.000000,2.234655,1.198565,0.071965,7.717020,1.834272,30.294622,0.984096,3395.364973,0.000000
1992.000000,6.000000,2.464948,1.423714,0.127611,7.705036,2.030400,28.839249,0.723168,3388.359569,0.000000
1992.000000,7.000000,2.555251,1.504329,0.182044,7.691471,2.051136,28.898603,0.621216,3382.051138,0.000000
1992.000000,8.000000,2.516713,1.421775,0.138476,7.680020,1.901664,28.959108,0.640224,3379.795384,0.000000
1992.000000,9.000000,2.477233,1.268227,0.120183,7.674003,1.667520,26.925956,0.614304,3383.036674,0.000000
1992.000000,10.000000,2.327951,1.078248,0.063994,7.679629,1.512864,21.073667,0.553824,3383.477665,0.000000
1992.000000,11.000000,2.224889,0.971276,0.029653,7.683208,1.419552,16.776028,0.491616,3386.155887,0.000000
1992.000000,12.000000,2.204581,0.946571,0.055030,7.681260,1.412578,12.987837,0.532563,3390.111195,1.000000
1993.000000,1.000000,2.101190,0.927693,0.047197,7.757487,1.429920,13.593656,0.635904,3396.244210,0.000000
1993.000000,2.000000,2.086347,0.950475,0.069360,7.751275,1.489536,17.928923,0.637632,3402.527382,0.000000
1993.000000,3.000000,2.058518,0.961490,0.059032,7.747083,1.532736,23.178574,0.757728,3404.821830,0.000000
1993.000000,4.000000,2.114238,1.038964,0.058311,7.741838,1.645920,27.799071,0.864000,3404.642265,0.000000
1993.000000,5.000000,2.276260,1.225225,0.083529,7.733773,1.859328,29.148175,1.007424,3402.190674,0.000000
1993.000000,6.000000,2.493177,1.438986,0.142843,7.722667,2.065824,27.965690,0.844128,3397.080257,0.000000
1993.000000,7.000000,2.597040,1.529272,0.167751,7.709657,2.092608,28.028451,0.665280,3391.690272,0.000000
1993.000000,8.000000,2.528321,1.439372,0.135413,7.697553,1.922400,28.030532,0.649728,3386.727876,0.000000
1993.000000,9.000000,2.452551,1.254401,0.115296,7.690751,1.677024,26.623632,0.622944,3387.632784,0.000000
1993.000000,10.000000,2.308997,1.066003,0.030829,7.696623,1.524096,21.316907,0.535680,3387.510897,0.000000
1993.000000,11.000000,2.224707,0.959457,0.016118,7.700675,1.441152,18.102105,0.527904,3389.948087,0.000000
1993.000000,12.000000,2.185804,0.931045,0.039389,7.699461,1.399618,14.285746,0.531267,3393.177917,1.000000
1994.000000,1.000000,2.063820,0.908459,0.029451,7.776423,1.382400,14.863396,0.597024,3398.585455,0.000000
1994.000000,2.000000,2.041788,0.925592,0.057215,7.769662,1.446336,17.603227,0.707616,3404.420169,0.000000
1994.000000,3.000000,2.059957,0.965008,0.060293,7.763079,1.561248,21.574403,0.883008,3407.318403,0.000000
1994.000000,4.000000,2.134404,1.040150,0.045252,7.755993,1.643328,27.430931,0.965952,3404.710771,0.000000
1994.000000,5.000000,2.236778,1.185525,0.055569,7.747403,1.836000,28.337628,1.014336,3399.666940,0.000000
1994.000000,6.000000,2.438009,1.401821,0.088744,7.735160,2.009664,28.256870,0.863136,3393.030369,0.000000
1994.000000,7.000000,2.527286,1.489465,0.132143,7.719706,2.059776,28.485793,0.682560,3388.405717,0.000000
1994.000000,8.000000,2.479213,1.403660,0.105677,7.705079,1.901664,28.160485,0.691200,3384.910764,0.000000
1994.000000,9.000000,2.417497,1.221750,0.067568,7.696327,1.640736,26.388538,0.648000,3385.218720,0.000000
1994.000000,10.000000,2.298240,1.060279,0.016564,7.698101,1.481760,22.096418,0.565920,3387.424150,0.000000
1994.000000,11.000000,2.262476,0.974233,0.015900,7.701474,1.455840,16.449330,0.507168,3389.806872,0.000000
1994.000000,12.000000,2.226648,0.942575,0.042627,7.699140,1.428562,12.963147,0.513555,3393.298942,1.000000
1995.000000,1.000000,2.107736,0.916744,0.036144,7.774982,1.425600,13.870974,0.582336,3398.968718,0.000000
1995.000000,2.000000,2.068859,0.929422,0.058419,7.768680,1.456704,17.994542,0.655776,3402.566479,0.000000
1995.000000,3.000000,2.061388,0.979509,0.068494,7.763332,1.585440,23.672563,0.761184,3406.166256,0.000000
1995.000000,4.000000,2.145132,1.066868,0.081758,7.757518,1.686528,28.086881,0.943488,3405.696488,0.000000
1995.000000,5.000000,2.266630,1.215858,0.084416,7.749224,1.843776,28.996719,1.015200,3402.756668,0.000000
1995.000000,6.000000,2.475383,1.443526,0.118593,7.737247,2.070144,28.312309,0.804384,3394.750925,0.000000
1995.000000,7.000000,2.555396,1.524595,0.158985,7.722435,2.143584,27.911691,0.746496,3389.156472,0.000000
1995.000000,8.000000,2.510999,1.421596,0.104917,7.707806,1.968192,27.207889,0.744768,3386.901694,0.000000
1995.000000,9.000000,2.446315,1.241031,0.081592,7.698963,1.688256,26.246057,0.644544,3383.478412,0.000000
1995.000000,10.000000,2.351519,1.078942,0.026056,7.702880,1.535328,21.136292,0.622944,3385.065102,0.000000
1995.000000,11.000000,2.241723,0.958484,0.026985,7.708858,1.444608,15.699798,0.589248,3386.287225,0.000000
1995.000000,12.000000,2.205014,0.935369,0.054574,7.706742,1.420354,13.042141,0.595203,3391.253798,1.000000
1996.000000,1.000000,2.085222,0.918081,0.048953,7.782801,1.420416,14.778494,0.663552,3398.398078,0.000000
1996.000000,2.000000,2.043587,0.926322,0.065235,7.777381,1.446336,18.102928,0.783648,3403.696052,0.000000
1996.000000,3.000000,2.029712,0.954338,0.064856,7.771523,1.533600,24.298723,0.773280,3407.464712,0.000000
1996.000000,4.000000,2.113759,1.045591,0.074525,7.765265,1.679616,27.273297,0.927936,3409.534709,0.000000
1996.000000,5.000000,2.283537,1.211207,0.080269,7.755819,1.826496,29.163885,0.989280,3404.858427,0.000000
1996.000000,6.000000,2.486935,1.433656,0.123310,7.743789,2.052000,28.513040,0.910656,3398.872092,0.000000
1996.000000,7.000000,2.571479,1.523205,0.175060,7.730418,2.104704,28.339976,0.760320,3391.580342,0.000000
1996.000000,8.000000,2.527318,1.452928,0.142451,7.717303,1.944864,28.170219,0.688608,3388.436963,0.000000
1996.000000,9.000000,2.506031,1.287107,0.121123,7.709304,1.717632,25.633328,0.635904,3389.027716,0.000000
1996.000000,10.000000,2.375321,1.102815,0.063665,7.714000,1.543968,21.288584,0.670464,3391.720305,0.000000
1996.000000,11.000000,2.256207,0.968508,0.035645,7.717860,1.416096,16.175516,0.591840,3394.140077,0.000000
1996.000000,12.000000,2.222251,0.944085,0.057814,7.716409,1.411714,12.419592,0.583107,3398.084067,1.000000
1997.000000,1.000000,2.105212,0.925489,0.046774,7.793135,1.431648,13.057676,0.636768,3404.205765,0.000000
1997.000000,2.000000,2.098213,0.952045,0.075919,7.786970,1.525824,15.660541,0.838080,3412.727711,0.000000
1997.000000,3.000000,2.088866,0.980251,0.064662,7.781052,1.581984,22.523313,0.800064,3411.594435,0.000000
1997.000000,4.000000,2.186666,1.106950,0.095138,7.774436,1.735776,26.403874,0.921888,3413.379258,0.000000
1997.000000,5.000000,2.311636,1.244417,0.093202,7.765514,1.919808,28.255277,1.009152,3407.914516,0.000000
1997.000000,6.000000,2.548580,1.489743,0.130577,7.752941,2.127168,27.911842,0.712800,3398.667290,0.000000
1997.000000,7.000000,2.633374,1.553866,0.169653,7.738951,2.138400,27.204987,0.713664,3392.302959,0.000000
1997.000000,8.000000,2.568233,1.457404,0.119861,7.725965,1.995840,26.985701,0.648864,3383.698525,0.000000
1997.000000,9.000000,2.492517,1.270823,0.083553,7.717931,1.708128,25.834791,0.564192,3379.000867,0.000000
1997.000000,10.000000,2.354159,1.060386,0.006597,7.723454,1.555200,21.281254,0.520992,3379.945039,0.000000
1997.000000,11.000000,2.230853,0.956355,0.010582,7.729936,1.425600,16.474731,0.515808,3384.681519,0.000000
1997.000000,12.000000,2.213213,0.957094,0.054573,7.728863,1.454976,12.763464,0.487296,3394.879703,0.000000
1998.000000,1.000000,2.111778,0.940792,0.047232,7.804882,1.469664,13.941851,0.560736,3402.687303,0.000000
1998.000000,2.000000,2.084766,0.951533,0.050198,7.798124,1.535328,16.362497,0.698112,3407.817536,0.000000
1998.000000,3.000000,2.047360,0.945576,0.050652,7.791672,1.562112,24.170779,0.758592,3409.061775,0.000000
1998.000000,4.000000,2.095719,1.047556,0.032491,7.785285,1.706400,27.344281,0.907200,3409.753803,0.000000
1998.000000,5.000000,2.285702,1.250931,0.077796,7.775556,1.905984,28.162743,1.019520,3407.301466,0.000000
1998.000000,6.000000,2.496322,1.441146,0.117232,7.762913,2.070144,28.081423,0.931392,3399.519849,0.000000
1998.000000,7.000000,2.596543,1.549565,0.142391,7.747918,2.163456,27.239961,0.746496,3395.200857,0.000000
1998.000000,8.000000,2.552670,1.462667,0.121382,7.734007,2.004480,27.311977,0.773280,3392.572291,0.000000
1998.000000,9.000000,2.495260,1.285310,0.100702,7.725913,1.750464,26.010796,0.711072,3392.108039,0.000000
1998.000000,10.000000,2.354605,1.097998,0.043700,7.731664,1.580256,20.824512,0.697248,3395.591527,0.000000
1998.000000,11.000000,2.273337,0.998649,0.037584,7.735590,1.505088,15.602074,0.585792,3398.901481,0.000000
1998.000000,12.000000,2.229379,0.954257,0.049050,7.733874,1.444608,11.554654,0.586656,3402.369922,0.000000
1999.000000,1.000000,2.079100,0.924511,0.042698,7.810513,1.424736,13.947532,0.724032,3408.301241,0.000000
1999.000000,2.000000,2.080339,0.965589,0.071528,7.804465,1.536192,16.266787,0.799200,3412.303181,0.000000
1999.000000,3.000000,2.079524,1.000585,0.083349,7.798998,1.618272,22.804426,0.844992,3416.009454,0.000000
1999.000000,4.000000,2.161459,1.086471,0.090208,7.792900,1.716768,26.317617,0.983232,3416.663365,0.000000
1999.000000,5.000000,2.291809,1.241039,0.102783,7.784637,1.857600,28.136268,1.097280,3411.241309,0.000000
1999.000000,6.000000,2.501777,1.444271,0.115903,7.772758,2.055456,28.178686,0.814752,3401.040061,0.000000
1999.000000,7.000000,2.580834,1.539761,0.151992,7.758753,2.140992,28.580313,0.756000,3395.333367,0.000000
1999.000000,8.000000,2.518145,1.435687,0.131620,7.745796,1.950048,27.458515,0.780192,3390.731238,0.000000
1999.000000,9.000000,2.463642,1.279707,0.095098,7.737344,1.722816,26.027418,0.768960,3390.513874,0.000000
1999.000000,10.000000,2.338782,1.084437,0.045071,7.742247,1.556928,20.374578,0.712800,3393.380289,0.000000
1999.000000,11.000000,2.276401,1.017364,0.045787,7.746865,1.525824,15.255485,0.601344,3396.267816,0.000000
1999.000000,12.000000,2.248270,0.978277,0.074778,7.745437,1.499904,10.470316,0.609984,3397.957026,0.000000
2000.000000,1.000000,2.122270,0.942516,0.056579,7.823245,1.479168,12.982880,0.620352,3400.815858,0.000000
2000.000000,2.000000,2.091009,0.963613,0.075851,7.817942,1.507680,15.594552,0.832896,3406.269484,0.000000
2000.000000,3.000000,2.095155,1.016356,0.087495,7.811135,1.616544,20.989866,0.873504,3412.958006,0.000000
2000.000000,4.000000,2.186733,1.134704,0.096594,7.803840,1.738368,25.834727,1.022112,3413.162443,0.000000
2000.000000,5.000000,2.348407,1.274787,0.110666,7.793888,1.910304,28.324725,1.043712,3407.528166,0.000000
2000.000000,6.000000,2.561739,1.472254,0.135283,7.781893,2.097792,28.040088,0.883008,3400.702415,0.000000
2000.000000,7.000000,2.611458,1.538652,0.172313,7.770053,2.111616,27.924234,0.698112,3393.958347,0.000000
2000.000000,8.000000,2.531624,1.440757,0.120387,7.758636,1.933632,28.506828,0.692928,3390.448019,0.000000
2000.000000,9.000000,2.498456,1.277299,0.095999,7.751390,1.724544,25.267279,0.680832,3388.750051,0.000000
2000.000000,10.000000,2.354876,1.081642,0.039989,7.755459,1.533600,21.257590,0.670464,3392.190853,0.000000
2000.000000,11.000000,2.344543,1.035899,0.055821,7.758329,1.537056,15.754305,0.593568,3398.163730,0.000000
2000.000000,12.000000,2.282339,0.995913,0.082003,7.756905,1.485216,12.275940,0.577152,3401.643050,0.000000
2001.000000,1.000000,2.116914,0.936204,0.060366,7.837203,1.429920,13.362260,0.692064,3405.001239,0.000000
2001.000000,2.000000,2.096844,0.953192,0.060915,7.832061,1.513728,16.080427,0.744768,3408.941248,0.000000
2001.000000,3.000000,2.091760,1.006144,0.071608,7.826882,1.617408,21.389945,0.858816,3412.255606,0.000000
2001.000000,4.000000,2.178923,1.093144,0.080651,7.820486,1.721088,26.346453,0.930528,3411.221345,0.000000
2001.000000,5.000000,2.305657,1.240565,0.070753,7.811784,1.877472,28.698587,0.965952,3402.847347,0.000000
2001.000000,6.000000,2.528106,1.460274,0.130632,7.799634,2.057184,28.756973,0.802656,3397.924448,0.000000
2001.000000,7.000000,2.590770,1.522953,0.138646,7.786334,2.103840,28.405204,0.651456,3388.954769,0.000000
2001.000000,8.000000,2.526028,1.436764,0.094258,7.773371,1.966464,27.944820,0.665280,3384.585758,0.000000
2001.000000,9.000000,2.465887,1.277633,0.082982,7.765146,1.692576,26.021840,0.586656,3382.428397,0.000000
2001.000000,10.000000,2.392784,1.105352,0.037858,7.767283,1.594080,20.472464,0.628992,3384.667196,0.000000
2001.000000,11.000000,2.308121,1.022682,0.043304,7.770584,1.511136,14.928397,0.529632,3387.004805,0.000000
2001.000000,12.000000,2.243063,0.959482,0.048063,7.769314,1.447200,12.993003,0.544320,3391.152035,0.000000
2002.000000,1.000000,2.102493,0.936402,0.046342,7.846709,1.449792,13.465477,0.623808,3395.504284,0.000000
2002.000000,2.000000,2.093090,0.961571,0.058632,7.839724,1.512000,16.326841,0.629856,3398.894111,0.000000
2002.000000,3.000000,2.106656,0.997607,0.061927,7.833421,1.617408,22.948971,0.743040,3400.496475,0.000000
2002.000000,4.000000,2.149326,1.057929,0.057396,7.827089,1.680480,28.468614,0.903744,3400.759646,0.000000
2002.000000,5.000000,2.249470,1.195367,0.062844,7.820106,1.847232,28.572276,1.085184,3396.757163,0.000000
2002.000000,6.000000,2.471622,1.430902,0.098019,7.807341,2.079648,27.884699,0.829440,3389.501512,0.000000
2002.000000,7.000000,2.536875,1.490054,0.108034,7.792425,2.096064,28.776331,0.641952,3378.926392,0.000000
2002.000000,8.000000,2.473201,1.403156,0.096176,7.779460,1.903392,28.288519,0.729216,3374.568175,0.000000
2002.000000,9.000000,2.455244,1.259833,0.067153,7.769775,1.719360,25.450116,0.618624,3372.775797,0.000000
2002.000000,10.000000,2.292670,1.005180,0.001082,7.774117,1.498176,22.530340,0.584064,3374.146224,0.000000
2002.000000,11.000000,2.192256,0.950413,0.010139,7.777415,1.447200,16.550209,0.578880,3380.496044,0.000000
2002.000000,12.000000,2.178206,0.926810,0.038523,7.775856,1.439424,13.792441,0.582336,3383.335866,0.000000
2003.000000,1.000000,2.066664,0.907906,0.039407,7.852025,1.422144,13.609252,0.551232,3388.858763,0.000000
2003.000000,2.000000,2.035024,0.917989,0.043255,7.845418,1.501632,18.148902,0.655776,3393.440514,0.000000
2003.000000,3.000000,2.042303,0.957898,0.050333,7.838947,1.578528,23.133191,0.764640,3397.833744,0.000000
2003.000000,4.000000,2.139774,1.069368,0.067604,7.831688,1.710720,27.624012,0.888192,3399.364373,0.000000
2003.000000,5.000000,2.252845,1.215612,0.069380,7.822157,1.855008,27.959040,1.004832,3393.642745,0.000000
2003.000000,6.000000,2.480590,1.447508,0.109181,7.808137,2.090880,28.506186,0.793152,3386.407031,0.000000
2003.000000,7.000000,2.576912,1.529505,0.154620,7.793649,2.136672,28.142085,0.696384,3381.069430,0.000000
2003.000000,8.000000,2.489765,1.425784,0.106691,7.781043,1.955232,28.236114,0.667872,3375.865824,0.000000
2003.000000,9.000000,2.442183,1.276056,0.100106,7.772475,1.719360,25.762072,0.682560,3377.553445,0.000000
2003.000000,10.000000,2.348185,1.077239,0.026328,7.774544,1.557792,19.945570,0.641088,3378.390122,0.000000
2003.000000,11.000000,2.224852,0.958558,0.009327,7.779317,1.454112,17.646858,0.541728,3379.649860,0.000000
2003.000000,12.000000,2.181376,0.939133,0.047184,7.778516,1.437696,12.436827,0.545184,3382.263947,0.000000
2004.000000,1.000000,2.073101,0.920379,0.034877,7.854747,1.445472,14.722076,0.544320,3388.616703,0.000000
2004.000000,2.000000,2.065885,0.947559,0.065479,7.847698,1.529280,15.653033,0.726624,3396.307890,0.000000
2004.000000,3.000000,2.048294,0.973177,0.054584,7.841670,1.596672,22.192630,0.794880,3398.743209,0.000000
2004.000000,4.000000,2.128407,1.096235,0.074034,7.834553,1.759104,28.005727,0.767232,3398.114755,0.000000
2004.000000,5.000000,2.308391,1.236306,0.097903,7.825148,1.902528,27.504808,1.024704,3395.886864,0.000000
2004.000000,6.000000,2.499400,1.446584,0.130007,7.813336,2.084832,27.592259,0.790560,3390.412708,0.000000
2004.000000,7.000000,2.580458,1.536402,0.164335,7.799766,2.130624,27.811680,0.672192,3381.757226,0.000000
2004.000000,8.000000,2.526709,1.446250,0.135632,7.787648,1.972512,27.527588,0.630720,3377.866971,0.000000
2004.000000,9.000000,2.448799,1.260673,0.090270,7.779426,1.718496,25.186909,0.648864,3376.969467,0.000000
2004.000000,10.000000,2.304875,1.061300,0.009639,7.782133,1.531008,20.972164,0.589248,3375.929328,0.000000
2004.000000,11.000000,2.253693,0.980691,0.016500,7.784930,1.479168,15.635126,0.518400,3378.779049,0.000000
2004.000000,12.000000,2.207760,0.949116,0.050272,7.783581,1.441152,13.304267,0.533952,3382.237244,0.000000
2005.000000,1.000000,2.065685,0.900592,0.030542,7.860374,1.419552,13.745159,0.562464,3388.584239,0.000000
2005.000000,2.000000,2.024544,0.910313,0.037651,7.853706,1.469664,18.492166,0.573696,3391.916304,0.000000
2005.000000,3.000000,2.019692,0.938893,0.040031,7.847855,1.566432,22.990228,0.792288,3392.836194,0.000000
2005.000000,4.000000,2.108789,1.042540,0.041814,7.841300,1.701216,26.868385,0.925344,3391.562062,0.000000
2005.000000,5.000000,2.223998,1.206301,0.065508,7.832493,1.911168,27.869766,1.030752,3388.286026,0.000000
2005.000000,6.000000,2.466376,1.462466,0.110496,7.818886,2.113344,28.388310,0.686880,3381.281330,0.000000
2005.000000,7.000000,2.556677,1.539087,0.141676,7.802989,2.175552,27.279387,0.637632,3377.097883,0.000000
2005.000000,8.000000,2.509624,1.426920,0.096483,7.787645,1.981152,27.338585,0.658368,3371.087047,0.000000
2005.000000,9.000000,2.441227,1.253711,0.069740,7.778761,1.708128,25.761090,0.649728,3369.388276,0.000000
2005.000000,10.000000,2.350690,1.076839,0.014234,7.781849,1.549152,20.532533,0.642816,3371.126057,0.000000
2005.000000,11.000000,2.235697,0.963881,0.011562,7.787719,1.472256,15.697589,0.556416,3372.075846,0.000000
2005.000000,12.000000,2.149275,0.905578,0.039267,7.787342,1.395360,12.559808,0.574560,3377.086965,0.000000
2006.000000,1.000000,2.026853,0.900858,0.025294,7.863220,1.440288,14.013381,0.673056,3385.978331,0.000000
2006.000000,2.000000,2.020718,0.919001,0.049843,7.855309,1.501632,17.632148,0.701568,3389.923414,0.000000
2006.000000,3.000000,2.036006,0.971870,0.066740,7.848781,1.611360,21.412460,0.797472,3393.737918,0.000000
2006.000000,4.000000,2.137489,1.102003,0.095754,7.841747,1.770336,25.918275,1.006560,3397.616040,0.000000
2006.000000,5.000000,2.279782,1.240514,0.097370,7.832464,1.909440,27.514775,1.099008,3391.586929,0.000000
2006.000000,6.000000,2.525609,1.463231,0.108558,7.819175,2.142720,27.203295,0.825120,3382.022598,0.000000
2006.000000,7.000000,2.556447,1.506069,0.118991,7.805241,2.147040,27.943051,0.730080,3370.452985,0.000000
2006.000000,8.000000,2.477799,1.413627,0.107358,7.792089,1.964736,27.384021,0.674784,3365.739161,0.000000
2006.000000,9.000000,2.421184,1.264883,0.082442,7.783239,1.728864,25.431362,0.639360,3365.838861,0.000000
2006.000000,10.000000,2.342077,1.070960,0.011428,7.785135,1.567296,20.723227,0.568512,3366.119372,0.000000
2006.000000,11.000000,2.236717,0.981709,0.031210,7.788129,1.492992,15.990671,0.537408,3372.440113,0.000000
2006.000000,12.000000,2.183196,0.940496,0.048131,7.786268,1.442880,11.707068,0.558144,3376.921309,0.000000
2007.000000,1.000000,2.081037,0.920440,0.044852,7.863450,1.462752,11.821688,0.628128,3384.228185,0.000000
2007.000000,2.000000,2.048982,0.938537,0.056955,7.857437,1.520640,17.328797,0.608256,3387.082513,0.000000
2007.000000,3.000000,2.042728,0.981002,0.056686,7.850938,1.625184,21.711945,0.768096,3390.518743,0.000000
2007.000000,4.000000,2.139550,1.101234,0.085040,7.843279,1.768608,26.226927,0.917568,3391.326436,0.000000
2007.000000,5.000000,2.285079,1.244030,0.083133,7.834063,1.956960,26.932393,0.965952,3386.763924,0.000000
2007.000000,6.000000,2.494529,1.458301,0.126101,7.821662,2.116800,27.447764,0.831168,3377.939252,0.000000
2007.000000,7.000000,2.546835,1.518343,0.141928,7.808105,2.148768,27.326044,0.703296,3370.536572,0.000000
2007.000000,8.000000,2.457283,1.407757,0.099571,7.795121,1.961280,27.253384,0.691200,3369.165205,0.000000
2007.000000,9.000000,2.385397,1.220090,0.063110,7.785974,1.676160,25.369932,0.727488,3370.524376,0.000000
2007.000000,10.000000,2.268886,1.039466,-0.006035,7.788559,1.506816,20.675454,0.637632,3370.448238,0.000000
2007.000000,11.000000,2.219915,0.965786,0.025416,7.791925,1.476576,15.430958,0.565056,3371.636086,0.000000
2007.000000,12.000000,2.154047,0.928828,0.038373,7.791165,1.438560,12.460344,0.556416,3374.690163,0.000000
2008.000000,1.000000,2.038774,0.897482,0.038272,7.867689,1.409184,14.240378,0.634176,3380.746224,0.000000
2008.000000,2.000000,2.016169,0.924194,0.066872,7.861038,1.492992,16.200117,0.766368,3388.163026,0.000000
2008.000000,3.000000,2.010364,0.969397,0.063682,7.854618,1.580256,20.830687,0.888192,3390.032608,0.000000
2008.000000,4.000000,2.092563,1.058660,0.075433,7.847561,1.696896,25.968455,0.914976,3389.541687,0.000000
2008.000000,5.000000,2.213720,1.190365,0.078768,7.839023,1.838592,28.365447,1.078272,3383.053061,0.000000
2008.000000,6.000000,2.423173,1.428276,0.111164,7.827104,2.054592,27.316334,0.871776,3378.656494,0.000000
2008.000000,7.000000,2.526601,1.518893,0.144256,7.812137,2.141856,26.356586,0.770688,3372.043396,0.000000
2008.000000,8.000000,2.464524,1.410215,0.110962,7.798313,1.940544,26.745330,0.780192,3370.021240,0.000000
2008.000000,9.000000,2.391926,1.240457,0.087166,7.789619,1.703808,25.017931,0.691200,3371.869046,0.000000
2008.000000,10.000000,2.319350,1.082701,0.028467,7.791931,1.562976,19.718358,0.650592,3372.094482,0.000000
2008.000000,11.000000,2.226798,0.975076,0.028504,7.795401,1.493856,14.593742,0.614304,3375.015091,0.000000
2008.000000,12.000000,2.195576,0.941098,0.051163,7.794212,1.466208,12.244800,0.589248,3377.815250,0.000000
2009.000000,1.000000,2.023828,0.884774,0.038389,7.871858,1.392768,14.047415,0.657504,3382.905723,0.000000
2009.000000,2.000000,2.004679,0.930072,0.047633,7.865730,1.512000,16.870139,0.794016,3390.981928,0.000000
2009.000000,3.000000,2.006943,0.959657,0.062821,7.859912,1.608768,22.335148,0.853632,3393.562798,0.000000
2009.000000,4.000000,2.066157,1.056312,0.068033,7.853372,1.709856,26.348309,1.029888,3393.306709,0.000000
2009.000000,5.000000,2.204259,1.216918,0.076654,7.844098,1.902528,27.757862,1.025568,3386.513660,0.000000
2009.000000,6.000000,2.425747,1.424495,0.109319,7.831533,2.064096,27.407627,0.785376,3377.333661,0.000000
2009.000000,7.000000,2.522068,1.526611,0.164166,7.817428,2.136672,26.759451,0.672192,3372.897524,0.000000
2009.000000,8.000000,2.456887,1.434357,0.113657,7.803792,1.982016,26.382850,0.649728,3367.076767,0.000000
2009.000000,9.000000,2.424485,1.265950,0.062786,7.792715,1.734912,24.897304,0.588384,3364.475798,0.000000
2009.000000,10.000000,2.313391,1.046483,0.020409,7.795702,1.560384,20.472332,0.584928,3364.960528,0.000000
2009.000000,11.000000,2.171514,0.948384,0.003297,7.800397,1.469664,15.445803,0.524448,3369.198859,0.000000
2009.000000,12.000000,2.135632,0.924305,0.041015,7.798894,1.439424,13.028312,0.524448,3374.368337,0.000000
2010.000000,1.000000,2.029274,0.909715,0.049403,7.876193,1.470528,12.619793,0.619488,3383.555652,0.000000
2010.000000,2.000000,1.991908,0.918548,0.055296,7.870457,1.522368,16.792420,0.655776,3387.793028,0.000000
2010.000000,3.000000,2.006097,0.980509,0.064764,7.864749,1.674432,20.039330,0.762912,3392.605494,0.000000
2010.000000,4.000000,2.094097,1.085924,0.088912,7.857556,1.749600,25.899769,0.980640,3392.345800,0.000000
2010.000000,5.000000,2.260429,1.239075,0.075845,7.847663,1.950048,26.842315,1.015200,3388.594540,0.000000
2010.000000,6.000000,2.531640,1.486579,0.143474,7.834317,2.168640,26.470027,0.823392,3381.606747,0.000000
2010.000000,7.000000,2.580795,1.532213,0.140202,7.820607,2.187648,27.160831,0.804384,3374.767248,0.000000
2010.000000,8.000000,2.481894,1.416246,0.104367,7.809170,1.984608,26.379283,0.797472,3372.712579,0.000000
2010.000000,9.000000,2.405675,1.245790,0.087943,7.800826,1.736640,24.749098,0.834624,3374.959191,0.000000
2010.000000,10.000000,2.293692,1.084907,0.033658,7.803851,1.599264,19.094741,0.626400,3375.550756,0.000000
2010.000000,11.000000,2.243256,1.006004,0.048481,7.806512,1.524960,13.551282,0.610848,3376.883098,0.000000
2010.000000,12.000000,2.179085,0.951736,0.063933,7.805894,1.488672,10.941975,0.570240,3381.115422,0.000000
