spinup_year,soilT_2m
1,277.029
2,274.856
3,272.357
4,271.612
5,271.208
6,270.975
7,270.841
8,270.766
9,270.73
10,270.716
11,270.718
12,270.726
13,270.736
14,270.746
15,270.758
16,270.754
17,270.74
18,270.747
19,270.754
20,270.764
21,270.776
22,270.786
23,270.793
24,270.797
25,270.798
26,270.797
27,270.795
28,270.79
29,270.783
31,276.849
32,274.625
33,272.203
34,271.506
35,271.125
36,270.898
37,270.764
38,270.688
39,270.65
40,270.632
41,270.626
42,270.631
43,270.638
44,270.647
45,270.659
46,270.66
47,270.662
48,270.673
49,270.681
50,270.689
51,270.697
52,270.704
53,270.709
54,270.712
55,270.713
56,270.712
57,270.709
58,270.707
59,270.702
61,276.706
62,274.542
63,272.132
64,271.442
65,271.056
66,270.823
67,270.686
68,270.609
69,270.569
70,270.551
71,270.547
72,270.554
73,270.562
74,270.573
75,270.587
76,270.589
77,270.591
78,270.604
79,270.614
80,270.625
81,270.637
82,270.648
83,270.655
84,270.66
85,270.662
86,270.664
87,270.663
88,270.66
89,270.657
91,276.55
92,274.408
93,272.058
94,271.377
95,270.994
96,270.763
97,270.63
98,270.556
99,270.519
100,270.503
101,270.502
102,270.511
103,270.523
104,270.538
105,270.556
106,270.562
107,270.565
108,270.578
109,270.591
110,270.605
111,270.618
112,270.63
113,270.639
114,270.645
115,270.649
116,270.651
117,270.651
118,270.648
119,270.645
