year,lai,canht,cv,cs,gpp_gb,npp_gb,resp_s_gb,latent_heat,ftl_gb,t1p5m_gb,runoff,smc_tot,t_soil,snow_mass_gb,snow_max_mask
1981,3.16127,6.3085,2.91821,6.56003,2.47911,0.765571,0.957598,46.0053,29.6622,287.184,0.976248,818.468,289.257,10.2037,49391.2
1982,3.18335,6.36188,2.99362,6.79945,2.39959,0.687345,1.02056,44.8554,30.6216,286.771,0.915262,813.585,288.919,11.2677,50921.2
1983,3.09751,6.24705,2.87015,6.76612,2.3558,0.697044,1.00668,44.7279,30.6551,287.167,0.920672,813.616,288.947,10.5416,52904
1984,3.1031,6.24748,2.8643,6.79001,2.42562,0.75867,0.994939,44.9304,30.2653,286.723,0.965266,816.894,288.821,10.4928,54775.6
1985,3.13316,6.36144,3.01496,6.80475,2.41028,0.709777,1.00568,44.693,30.3032,286.728,0.940996,817.264,288.724,11.3358,56300.1
1986,3.11832,6.26585,2.88847,6.90033,2.3986,0.717518,0.997257,44.9948,30.5283,286.947,0.910885,815.505,288.842,10.5873,57812.4
1987,3.10796,6.27985,2.91316,6.88051,2.33784,0.666601,0.996952,44.7145,31.2271,287.071,0.83922,811.945,288.895,10.6732,59599.4
1988,3.0695,6.16253,2.77393,6.8125,2.37898,0.734026,0.956204,45.5748,30.6982,287.208,0.957176,816.112,289.027,10.154,61255.6
1989,3.18058,6.33523,2.95222,6.87899,2.43007,0.713063,1.00864,45.6238,30.6369,287.054,0.941884,815.146,288.947,10.6112,62814.3
1990,3.12394,6.29682,2.93314,6.75684,2.41655,0.70821,1.0203,45.5953,30.821,287.339,0.919236,813.558,289.108,10.4899,64492.2
1991,3.11481,6.26959,2.89166,6.81486,2.38839,0.705591,0.998245,45.048,31.0897,287.184,0.883755,812.531,289.196,10.5695,66182.8
1992,3.1226,6.26555,2.88399,6.79308,2.34253,0.688686,0.959355,44.4862,30.9803,286.907,0.846871,809.553,288.995,11.0254,68068.2
1993,3.11178,6.23915,2.85993,6.92397,2.39833,0.733044,1.02248,45.1901,30.3653,286.985,0.890927,814.654,288.853,11.1849,69801.2
1994,3.15941,6.30098,2.92386,7.05402,2.37319,0.685925,1.03899,44.6123,30.8079,287.149,0.933822,813.024,288.948,10.8776,71353.3
1995,3.09829,6.23147,2.8563,6.81139,2.37568,0.699011,0.987186,45.1993,30.7477,287.41,0.941227,812.205,289.151,10.0394,72705.5
1996,3.09522,6.2494,2.87157,6.81945,2.402,0.732879,0.978624,45.0619,30.4609,286.935,0.9689,815.541,288.997,10.8152,74625.6
1997,3.13548,6.30453,2.93808,6.8352,2.42396,0.713385,1.0122,45.9468,29.911,287.252,0.909328,814.884,289.016,10.9988,76384.9
1998,3.13729,6.25381,2.85942,6.93988,2.44162,0.726788,1.08785,46.1212,30.2312,287.581,0.985108,818.431,289.304,9.82168,78157.6
1999,3.14384,6.27695,2.88269,6.72073,2.45236,0.743913,0.958477,45.9758,30.0933,287.37,1.02169,817.772,289.252,10.4907,79635.8
2000,3.14873,6.3287,2.96554,6.76417,2.47713,0.740436,1.00506,46.0696,29.838,287.226,0.985009,817.981,289.133,9.92863,81282.1
2001,3.16301,6.32458,2.94361,6.75284,2.44034,0.717571,1.01538,45.7668,30.3476,287.425,0.931229,814.99,289.141,9.88303,82697.3
2002,3.10899,6.25609,2.88125,6.71761,2.36352,0.68348,1.00068,45.1789,31.1033,287.54,0.923617,810.136,289.276,9.74721,84402
2003,3.06083,6.21682,2.84488,6.61091,2.35891,0.701454,0.951069,45.4994,30.6899,287.506,0.930425,810.298,289.238,9.74288,85940.3
2004,3.10929,6.2226,2.84247,6.64504,2.39858,0.712681,0.977712,45.791,30.3894,287.423,0.916558,811.931,289.293,10.5347,87530.9
2005,3.1152,6.2531,2.87568,6.75362,2.36015,0.677907,0.993752,45.3908,30.7854,287.648,0.916975,809.605,289.371,10.1363,89280.5
2006,3.09456,6.22441,2.83446,6.69518,2.3863,0.71198,0.962764,46.0039,30.3113,287.559,0.965787,810.581,289.404,10.0971,90847.8
2007,3.13473,6.29105,2.91669,6.62658,2.40755,0.698826,0.989043,45.8944,30.0385,287.678,0.968295,810.869,289.451,10.4766,92283.4
2008,3.11368,6.25296,2.86873,6.62659,2.4081,0.725054,0.979754,45.37,29.8458,287.437,1.02007,811.246,289.291,10.5905,93738.8
2009,3.1095,6.3352,2.97579,6.62352,2.39202,0.686509,1.00034,45.4798,30.3394,287.468,0.952078,809.922,289.385,11.1354,95113.9
2010,3.07065,6.22079,2.84325,6.59264,2.42051,0.736651,1.00685,46.4967,29.2761,287.657,1.0135,814.005,289.493,10.1111,96334.8
